neighbourhood;street
Antakalnis;Ajerų g. (28)
Antakalnis;Algirdo Juliaus Greimo g. (17)
Antakalnis;Anapilio g. (48)
Antakalnis;Antakalnio g. (147)
Antakalnis;Antano Škėmos g. (12)
Antakalnis;Antavilių g. (22)
Antakalnis;Antavilių Sodų 1-oji g. (8)
Antakalnis;Antavilių Sodų 10-oji g. (22)
Antakalnis;Antavilių Sodų 11-oji g. (6)
Antakalnis;Antavilių Sodų 12-oji g. (5)
Antakalnis;Antavilių Sodų 2-oji g. (3)
Antakalnis;Antavilių Sodų 3-ioji g. (16)
Antakalnis;Antavilių Sodų 4-oji g. (16)
Antakalnis;Antavilių Sodų 5-oji g. (6)
Antakalnis;Antavilių Sodų 6-oji g. (16)
Antakalnis;Antavilių Sodų 7-oji g. (16)
Antakalnis;Antavilių Sodų 8-oji g. (12)
Antakalnis;Antavilių Sodų 9-oji g. (8)
Antakalnis;Apuolės g. (22)
Antakalnis;Asiūklių g. (25)
Antakalnis;Aukštagirio g. (40)
Antakalnis;B. Sruogos g. (55)
Antakalnis;Balžio g. (39)
Antakalnis;Barsukynės g. (87)
Antakalnis;Birutės Marijos Gimbutienės g. (12)
Antakalnis;Bistryčios g. (43)
Antakalnis;Bruknių g.
Antakalnis;Centrinė g. (10)
Antakalnis;Česlovo Kudabos g. (21)
Antakalnis;Debesijos g. (10)
Antakalnis;Duburio g. (19)
Antakalnis;Dvarčionių g. (35)
Antakalnis;Dvarčionių Sodų 1-oji g. (21)
Antakalnis;Dvarčionių Sodų 2-oji g. (14)
Antakalnis;Dvarčionių Sodų 3-ioji g. (29)
Antakalnis;Elniakampio g. (13)
Antakalnis;Ežerėlių g. (3)
Antakalnis;Filaretų g. (9 iš 112*)
Antakalnis;Fulgento Rimgailos g. (7)
Antakalnis;Gaidžių g. (7)
Antakalnis;Gaigalų g. (6)
Antakalnis;Gailestingųjų Seserų g. (10)
Antakalnis;Gailių g. (61)
Antakalnis;Galgių g.
Antakalnis;Garšvų g. (12)
Antakalnis;Gelvadiškių g. (50)
Antakalnis;Gelvadiškių Sodų 1-oji g. (27)
Antakalnis;Gelvadiškių Sodų 2-oji g. (34)
Antakalnis;Gelvadiškių Sodų 3-ioji g. (15)
Antakalnis;Gelvadiškių Sodų 4-oji g. (12)
Antakalnis;Gelvadiškių Sodų 5-oji g. (40)
Antakalnis;Gelvadiškių Sodų 6-oji g. (14)
Antakalnis;Giedros g. (42)
Antakalnis;Girinaičių g. (36)
Antakalnis;Girininkijos g. (26)
Antakalnis;Gražinos g. (22)
Antakalnis;Grybautojų g. (20)
Antakalnis;Gubojų g. (28)
Antakalnis;Gvazdikų g. (101)
Antakalnis;Gvazdikų Sodų g. (18)
Antakalnis;Gvazdikų Sodų 1-oji g. (77)
Antakalnis;Gvazdikų Sodų 10-oji g. (27)
Antakalnis;Gvazdikų Sodų 11-oji g. (15)
Antakalnis;Gvazdikų Sodų 12-oji g. (16)
Antakalnis;Gvazdikų Sodų 13-oji g. (7)
Antakalnis;Gvazdikų Sodų 14-oji g. (15)
Antakalnis;Gvazdikų Sodų 15-oji g. (5)
Antakalnis;Gvazdikų Sodų 16-oji g. (15)
Antakalnis;Gvazdikų Sodų 2-oji g. (38)
Antakalnis;Gvazdikų Sodų 3-ioji g. (24)
Antakalnis;Gvazdikų Sodų 4-oji g. (18)
Antakalnis;Gvazdikų Sodų 5-oji g. (19)
Antakalnis;Gvazdikų Sodų 6-oji g. (56)
Antakalnis;Gvazdikų Sodų 7-oji g. (14)
Antakalnis;Gvazdikų Sodų 8-oji g. (21)
Antakalnis;Gvazdikų Sodų 9-oji g. (11)
Antakalnis;Igno Domeikos g. (30)
Antakalnis;J. Biliūno g. (43)
Antakalnis;J. Čerskio g. (13)
Antakalnis;J. Pabrėžos g. (8)
Antakalnis;Jono Pauliaus II a.
Antakalnis;Juodvarnių g. (38)
Antakalnis;Juodvarnių Sodų g. (5)
Antakalnis;Juodvarnių Sodų 1-oji g. (6)
Antakalnis;Juodvarnių Sodų 10-oji g. (15)
Antakalnis;Juodvarnių Sodų 11-oji g. (6)
Antakalnis;Juodvarnių Sodų 12-oji g. (13)
Antakalnis;Juodvarnių Sodų 13-oji g. (5)
Antakalnis;Juodvarnių Sodų 14-oji g. (19)
Antakalnis;Juodvarnių Sodų 15-oji g. (19)
Antakalnis;Juodvarnių Sodų 16-oji g. (26)
Antakalnis;Juodvarnių Sodų 17-oji g. (25)
Antakalnis;Juodvarnių Sodų 18-oji g. (24)
Antakalnis;Juodvarnių Sodų 19-oji g. (32)
Antakalnis;Juodvarnių Sodų 2-oji g. (7)
Antakalnis;Juodvarnių Sodų 20-oji g. (16)
Antakalnis;Juodvarnių Sodų 21-oji g. (10)
Antakalnis;Juodvarnių Sodų 22-oji g. (7)
Antakalnis;Juodvarnių Sodų 23-ioji g. (10)
Antakalnis;Juodvarnių Sodų 24-oji g. (36)
Antakalnis;Juodvarnių Sodų 25-oji g. (29)
Antakalnis;Juodvarnių Sodų 26-oji g. (51)
Antakalnis;Juodvarnių Sodų 27-oji g. (18)
Antakalnis;Juodvarnių Sodų 28-oji g. (10)
Antakalnis;Juodvarnių Sodų 3-ioji g. (5)
Antakalnis;Juodvarnių Sodų 4-oji g. (6)
Antakalnis;Juodvarnių Sodų 5-oji g. (9)
Antakalnis;Juodvarnių Sodų 6-oji g. (9)
Antakalnis;Juodvarnių Sodų 7-oji g. (9)
Antakalnis;Juodvarnių Sodų 8-oji g. (8)
Antakalnis;Juodvarnių Sodų 9-oji g. (18)
Antakalnis;Jūratės g. (38)
Antakalnis;K. Būgos g.
Antakalnis;K. Jauniaus g. (1)
Antakalnis;K. Semenavičiaus g. (25)
Antakalnis;Kairėnės g. (19)
Antakalnis;Kairėnės Sodų g. (25)
Antakalnis;Kairėnės Sodų 1-oji g. (17)
Antakalnis;Kairėnės Sodų 2-oji g. (50)
Antakalnis;Kairėnės Sodų 3-ioji g. (22)
Antakalnis;Kairėnės Sodų 4-oji g. (7)
Antakalnis;Kairėnų g. (30)
Antakalnis;Kalno g. (35 iš 96*)
Antakalnis;Kalvos g. (1 iš 9*)
Antakalnis;Kalvų Sodų 1-oji g. (20)
Antakalnis;Kalvų Sodų 2-oji g. (16)
Antakalnis;Kalvų Sodų 3-ioji g. (13)
Antakalnis;Kalvų Sodų 4-oji g. (45)
Antakalnis;Kanklių g. (16)
Antakalnis;Karačiūnų g. (91)
Antakalnis;Karačiūnų Sodų 1-oji g. (15)
Antakalnis;Karačiūnų Sodų 10-oji g. (7)
Antakalnis;Karačiūnų Sodų 11-oji g. (4)
Antakalnis;Karačiūnų Sodų 12-oji g. (12)
Antakalnis;Karačiūnų Sodų 13-oji g. (6)
Antakalnis;Karačiūnų Sodų 2-oji g. (6)
Antakalnis;Karačiūnų Sodų 3-ioji g. (9)
Antakalnis;Karačiūnų Sodų 4-oji g. (27)
Antakalnis;Karačiūnų Sodų 5-oji g. (9)
Antakalnis;Karačiūnų Sodų 6-oji g. (7)
Antakalnis;Karačiūnų Sodų 7-oji g. (2)
Antakalnis;Karačiūnų Sodų 8-oji g. (10)
Antakalnis;Karačiūnų Sodų 9-oji g. (12)
Antakalnis;Karių Kapų g. (27)
Antakalnis;Keramikų g. (60)
Antakalnis;Kiškeliškių g. (3)
Antakalnis;Kiškių g. (10)
Antakalnis;Klinikų g. (8)
Antakalnis;Koklių g. (21)
Antakalnis;Konservatorijos Sodų 1-oji g. (17)
Antakalnis;Konservatorijos Sodų 2-oji g. (21)
Antakalnis;Konservatorijos Sodų 3-ioji g. (26)
Antakalnis;Konservatorijos Sodų 4-oji g. (4)
Antakalnis;Kopūstų g. (13)
Antakalnis;Kregždžių g. (28)
Antakalnis;Kuosų g. (14)
Antakalnis;L. Karsavino g. (19)
Antakalnis;L. Sapiegos g. (19)
Antakalnis;Lakštingalos Sodų g. (7)
Antakalnis;Lakštingalos Sodų 1-oji g. (5)
Antakalnis;Lakštingalos Sodų 2-oji g. (2)
Antakalnis;Lakštingalos Sodų 3-ioji g. (7)
Antakalnis;Lakštingalos Sodų 4-oji g. (6)
Antakalnis;Lakštingalos Sodų 5-oji g. (10)
Antakalnis;Lakštingalos Sodų 6-oji g. (5)
Antakalnis;Lakštingalų g. (21)
Antakalnis;Latežerio g. (6)
Antakalnis;Lauksargio g. (65)
Antakalnis;Laumžirgių g. (12)
Antakalnis;Laurų g. (70)
Antakalnis;Laurų Sodų 1-oji g. (47)
Antakalnis;Laurų Sodų 2-oji g. (12)
Antakalnis;Laurų Sodų 3-ioji g. (29)
Antakalnis;Laurų Sodų 4-oji g. (57)
Antakalnis;Laurų Sodų 5-oji g. (21)
Antakalnis;Laurų Sodų 6-oji g. (22)
Antakalnis;Laurų Sodų 7-oji g. (27)
Antakalnis;Laurų Sodų 8-oji g. (12)
Antakalnis;Laurų Sodų 9-oji g. (20)
Antakalnis;Lazdynų Pelėdos g. (13)
Antakalnis;Lentupio g. (14)
Antakalnis;Lietaviškių g. (57)
Antakalnis;Lingių g. (1)
Antakalnis;Lizdeikos g. (19)
Antakalnis;Ližiškių g. (21)
Antakalnis;Lubinų g. (25)
Antakalnis;M. Girdvainio g. (39)
Antakalnis;M. K. Oginskio g. (30)
Antakalnis;M. K. Paco g. (21)
Antakalnis;M. Počobuto g. (14)
Antakalnis;M. Rėmerio g. (14)
Antakalnis;Maudyklos g. (6)
Antakalnis;Medžiotojų g. (50)
Antakalnis;Meiriškių g. (23)
Antakalnis;Meldų g. (14)
Antakalnis;Mėlynių g. (12)
Antakalnis;Meškeriotojų g. (49)
Antakalnis;Mėtų g. (4)
Antakalnis;Mikalojaus Husoviano g. (20)
Antakalnis;Mildos g. (41)
Antakalnis;Mileišiškių g. (61)
Antakalnis;Mileišiškių Sodų g. (47)
Antakalnis;Mileišiškių Sodų 1-oji g. (38)
Antakalnis;Mileišiškių Sodų 10-oji g. (15)
Antakalnis;Mileišiškių Sodų 11-oji g. (24)
Antakalnis;Mileišiškių Sodų 12-oji g. (19)
Antakalnis;Mileišiškių Sodų 13-oji g. (15)
Antakalnis;Mileišiškių Sodų 14-oji g. (10)
Antakalnis;Mileišiškių Sodų 2-oji g. (37)
Antakalnis;Mileišiškių Sodų 3-ioji g. (16)
Antakalnis;Mileišiškių Sodų 4-oji g. (27)
Antakalnis;Mileišiškių Sodų 5-oji g. (14)
Antakalnis;Mileišiškių Sodų 6-oji g. (12)
Antakalnis;Mileišiškių Sodų 7-oji g. (9)
Antakalnis;Mileišiškių Sodų 8-oji g. (24)
Antakalnis;Mileišiškių Sodų 9-oji g. (5)
Antakalnis;Miškadvario g. (24)
Antakalnis;Miškininkų g. (10)
Antakalnis;Moliakalnio g. (88)
Antakalnis;Nakvišų g. (16)
Antakalnis;Naujakurių g. (45)
Antakalnis;Nemenčinės pl. (160)
Antakalnis;Nugalėtojų g. (94)
Antakalnis;O. Milašiaus g. (7)
Antakalnis;Olandų g. (12 iš 41*)
Antakalnis;P. Vileišio g. (50)
Antakalnis;Paliuliškių g. (15)
Antakalnis;Pasakų g. (15)
Antakalnis;Pauliaus Širvio g. (5)
Antakalnis;Pavasario g. (40)
Antakalnis;Pečiukų g. (3)
Antakalnis;Pelynų g. (8)
Antakalnis;Petro Rimšos g. (26)
Antakalnis;Pienių g. (16)
Antakalnis;Pylimėlių g. (69)
Antakalnis;Plytinės g. (37)
Antakalnis;Plukių g. (14)
Antakalnis;Povilo Snarskio g. (11)
Antakalnis;Pragiedrulių g. (25)
Antakalnis;Pragiedrulių Sodų 1-oji g. (14)
Antakalnis;Pragiedrulių Sodų 2-oji g. (4)
Antakalnis;Pragiedrulių Sodų 3-ioji g. (7)
Antakalnis;Pragiedrulių Sodų 4-oji g. (7)
Antakalnis;Pragiedrulių Sodų 5-oji g. (18)
Antakalnis;Pragiedrulių Sodų 6-oji g. (23)
Antakalnis;Pragiedrulių Sodų 7-oji g. (30)
Antakalnis;Prano Morkūno g. (12)
Antakalnis;Puodžių g. (1)
Antakalnis;Pupojų g. (43)
Antakalnis;Pupojų Sodų g. (6)
Antakalnis;Pupojų Sodų 1-oji g. (24)
Antakalnis;Pupojų Sodų 10-oji g. (14)
Antakalnis;Pupojų Sodų 11-oji g. (7)
Antakalnis;Pupojų Sodų 12-oji g. (14)
Antakalnis;Pupojų Sodų 13-oji g. (10)
Antakalnis;Pupojų Sodų 14-oji g. (9)
Antakalnis;Pupojų Sodų 15-oji g. (16)
Antakalnis;Pupojų Sodų 16-oji g. (21)
Antakalnis;Pupojų Sodų 2-oji g. (33)
Antakalnis;Pupojų Sodų 3-ioji g. (39)
Antakalnis;Pupojų Sodų 4-oji g. (32)
Antakalnis;Pupojų Sodų 5-oji g. (34)
Antakalnis;Pupojų Sodų 6-oji g. (34)
Antakalnis;Pupojų Sodų 7-oji g. (21)
Antakalnis;Pupojų Sodų 8-oji g. (19)
Antakalnis;Pupojų Sodų 9-oji g. (6)
Antakalnis;Pupų g. (124)
Antakalnis;Purienų g. (14)
Antakalnis;Rasakilų g. (5)
Antakalnis;Rato g. (26)
Antakalnis;Rokantiškių g. (53 iš 82*)
Antakalnis;Rokantiškių Sodų g. (11)
Antakalnis;Rokantiškių Sodų 1-oji g. (9)
Antakalnis;Rokantiškių Sodų 10-oji g. (27)
Antakalnis;Rokantiškių Sodų 11-oji g. (28)
Antakalnis;Rokantiškių Sodų 12-oji g. (18)
Antakalnis;Rokantiškių Sodų 13-oji g. (12)
Antakalnis;Rokantiškių Sodų 14-oji g. (9)
Antakalnis;Rokantiškių Sodų 15-oji g. (12)
Antakalnis;Rokantiškių Sodų 16-oji g. (15)
Antakalnis;Rokantiškių Sodų 17-oji g. (15)
Antakalnis;Rokantiškių Sodų 2-oji g. (21)
Antakalnis;Rokantiškių Sodų 3-ioji g. (19)
Antakalnis;Rokantiškių Sodų 4-oji g. (20)
Antakalnis;Rokantiškių Sodų 5-oji g. (15)
Antakalnis;Rokantiškių Sodų 6-oji g. (14)
Antakalnis;Rokantiškių Sodų 7-oji g. (15)
Antakalnis;Rokantiškių Sodų 8-oji g. (35)
Antakalnis;Rokantiškių Sodų 9-oji g. (31)
Antakalnis;Rudausių g. (27)
Antakalnis;Rudausių Sodų 1-oji g. (9)
Antakalnis;Rudausių Sodų 10-oji g. (17)
Antakalnis;Rudausių Sodų 11-oji g. (16)
Antakalnis;Rudausių Sodų 12-oji g. (10)
Antakalnis;Rudausių Sodų 13-oji g. (12)
Antakalnis;Rudausių Sodų 2-oji g. (6)
Antakalnis;Rudausių Sodų 3-ioji g. (14)
Antakalnis;Rudausių Sodų 4-oji g. (16)
Antakalnis;Rudausių Sodų 5-oji g. (30)
Antakalnis;Rudausių Sodų 6-oji g. (17)
Antakalnis;Rudausių Sodų 7-oji g. (23)
Antakalnis;Rudausių Sodų 8-oji g. (18)
Antakalnis;Rudausių Sodų 9-oji g. (9)
Antakalnis;Rudens g. (35 iš 66*)
Antakalnis;Rukeliškių g. (39)
Antakalnis;Rūtų g. (25)
Antakalnis;S. B. Jundzilo g. (60)
Antakalnis;Sadūniškių g. (70)
Antakalnis;Samanų g. (15)
Antakalnis;Saulės g. (46)
Antakalnis;Saulėtekio al. (73)
Antakalnis;Skaisterių g. (29)
Antakalnis;Skarbelio g. (10)
Antakalnis;Skarbelio Sodų 1-oji g. (17)
Antakalnis;Skarbelio Sodų 2-oji g. (13)
Antakalnis;Skarbelio Sodų 3-ioji g. (5)
Antakalnis;Smėlynės Sodų g. (40)
Antakalnis;Smėlynės Sodų 1-oji g. (21)
Antakalnis;Smėlynės Sodų 2-oji g. (4)
Antakalnis;Smėlynės Sodų 3-ioji g. (16)
Antakalnis;Smėlynės Sodų 4-oji g. (22)
Antakalnis;Smėlynės Sodų 5-oji g. (16)
Antakalnis;Smėlio g. (30)
Antakalnis;Smilgų g. (21)
Antakalnis;Sokiškių g. (17)
Antakalnis;Stanislovo Kerbedžio g. (13)
Antakalnis;Stepono Kairio g. (30)
Antakalnis;Svajonių g. (25)
Antakalnis;Šalpusnių g. (12)
Antakalnis;Šatrijos Raganos g. (72)
Antakalnis;Šilagėlių g. (22)
Antakalnis;Šilėnų g. (67)
Antakalnis;Šilėnų Sodų 1-oji g. (2)
Antakalnis;Šilėnų Sodų 2-oji g. (6)
Antakalnis;Šilėnų Sodų 3-ioji g. (11)
Antakalnis;Šilėnų Sodų 4-oji g. (7)
Antakalnis;Šilėnų Sodų 5-oji g. (6)
Antakalnis;Šilėnų Sodų 6-oji g. (16)
Antakalnis;Šilėnų Sodų 7-oji g. (16)
Antakalnis;Šilėnų Sodų 8-oji g. (24)
Antakalnis;Šilėnų Sodų 9-oji g. (14)
Antakalnis;Šilo g. (61)
Antakalnis;Šlamučių g. (19)
Antakalnis;Švyturio g. (24)
Antakalnis;T. Ivanausko g. (4)
Antakalnis;Talkos Sodų 1-oji g. (22)
Antakalnis;Talkos Sodų 2-oji g. (23)
Antakalnis;Talkos Sodų 3-ioji g. (14)
Antakalnis;Talkos Sodų 4-oji g. (13)
Antakalnis;Taurijos g. (45)
Antakalnis;Tramvajų g. (14)
Antakalnis;Turniškių g. (56)
Antakalnis;Turniškių Sodų g. (41)
Antakalnis;Tverečiaus g. (20)
Antakalnis;V. Grybo g. (33)
Antakalnis;V. Sezemano g. (6)
Antakalnis;Vaidilutės g. (37)
Antakalnis;Valakupių g. (29)
Antakalnis;Vanagų g. (9)
Antakalnis;Vasaros g. (28)
Antakalnis;Vėdrynų g. (3)
Antakalnis;Veržuvos g. (25)
Antakalnis;Veržuvos Sodų g. (20)
Antakalnis;Viksvų g. (5)
Antakalnis;Vikučionių g. (12)
Antakalnis;Vinciūniškių g. (24)
Antakalnis;Vinciūniškių Sodų 1-oji g. (27)
Antakalnis;Vinciūniškių Sodų 10-oji g. (12)
Antakalnis;Vinciūniškių Sodų 11-oji g. (18)
Antakalnis;Vinciūniškių Sodų 12-oji g. (17)
Antakalnis;Vinciūniškių Sodų 13-oji g. (13)
Antakalnis;Vinciūniškių Sodų 14-oji g. (14)
Antakalnis;Vinciūniškių Sodų 15-oji g. (15)
Antakalnis;Vinciūniškių Sodų 16-oji g. (13)
Antakalnis;Vinciūniškių Sodų 17-oji g. (7)
Antakalnis;Vinciūniškių Sodų 18-oji g. (8)
Antakalnis;Vinciūniškių Sodų 19-oji g. (11)
Antakalnis;Vinciūniškių Sodų 2-oji g. (17)
Antakalnis;Vinciūniškių Sodų 20-oji g. (10)
Antakalnis;Vinciūniškių Sodų 21-oji g. (10)
Antakalnis;Vinciūniškių Sodų 22-oji g. (7)
Antakalnis;Vinciūniškių Sodų 23-ioji g. (7)
Antakalnis;Vinciūniškių Sodų 24-oji g. (2)
Antakalnis;Vinciūniškių Sodų 3-ioji g. (15)
Antakalnis;Vinciūniškių Sodų 4-oji g. (9)
Antakalnis;Vinciūniškių Sodų 5-oji g. (20)
Antakalnis;Vinciūniškių Sodų 6-oji g. (15)
Antakalnis;Vinciūniškių Sodų 7-oji g. (15)
Antakalnis;Vinciūniškių Sodų 8-oji g. (21)
Antakalnis;Vinciūniškių Sodų 9-oji g. (19)
Antakalnis;Vyrių Sodų 1-oji g. (24)
Antakalnis;Vyrių Sodų 2-oji g. (10)
Antakalnis;Vyrių Sodų 3-ioji g. (7)
Antakalnis;Viršupio g. (42 iš 44*)
Antakalnis;Viršupio Sodų g. (25)
Antakalnis;Viršupio Sodų 1-oji g. (26)
Antakalnis;Viršupio Sodų 10-oji g. (16)
Antakalnis;Viršupio Sodų 11-oji g. (11)
Antakalnis;Viršupio Sodų 12-oji g. (36)
Antakalnis;Viršupio Sodų 13-oji g. (26)
Antakalnis;Viršupio Sodų 14-oji g. (25)
Antakalnis;Viršupio Sodų 15-oji g. (7)
Antakalnis;Viršupio Sodų 16-oji g. (13)
Antakalnis;Viršupio Sodų 17-oji g. (14)
Antakalnis;Viršupio Sodų 18-oji g. (15)
Antakalnis;Viršupio Sodų 19-oji g. (3)
Antakalnis;Viršupio Sodų 2-oji g. (26)
Antakalnis;Viršupio Sodų 20-oji g. (10)
Antakalnis;Viršupio Sodų 21-oji g. (11)
Antakalnis;Viršupio Sodų 22-oji g. (8)
Antakalnis;Viršupio Sodų 23-ioji g. (6)
Antakalnis;Viršupio Sodų 3-ioji g. (39)
Antakalnis;Viršupio Sodų 4-oji g. (39)
Antakalnis;Viršupio Sodų 5-oji g. (24)
Antakalnis;Viršupio Sodų 6-oji g. (10)
Antakalnis;Viršupio Sodų 7-oji g. (7)
Antakalnis;Viršupio Sodų 8-oji g. (11)
Antakalnis;Viršupio Sodų 9-oji g. (34)
Antakalnis;Vismaliukų g. (94)
Antakalnis;Vismaliukų Sodų 1-oji g. (32)
Antakalnis;Vismaliukų Sodų 2-oji g. (25)
Antakalnis;Vismaliukų Sodų 3-ioji g. (24)
Antakalnis;Vismaliukų Sodų 4-oji g. (5)
Antakalnis;Vismaliukų Sodų 5-oji g. (19)
Antakalnis;Vismaliukų Sodų 6-oji g. (27)
Antakalnis;Vytauto Žalakevičiaus g. (31)
Antakalnis;Volungės g. (15)
Antakalnis;Žirgo g. (133)
Antakalnis;Žirgo Sodų 1-oji g. (17)
Antakalnis;Žirgo Sodų 2-oji g. (16)
Antakalnis;Žirgo Sodų 3-ioji g. (17)
Antakalnis;Žirgo Sodų 4-oji g. (6)
Antakalnis;Žirgo Sodų 5-oji g. (8)
Antakalnis;Žolyno g. (65)
Antakalnis;Žuvėdrų g. (60)
Antakalnis;Žvaigždikių g. (54)
Justiniškės;Ežeraičio g. (21)
Justiniškės;Helsinkio g.
Justiniškės;Justiniškių g. (62 iš 124*)
Justiniškės;Laisvės pr. (11 iš 124*)
Justiniškės;Lūžių g.
Justiniškės;Mozūriškių g. (23)
Justiniškės;Rygos g. (46 iš 53*)
Justiniškės;Skatulės g. (32)
Justiniškės;Taikos g. (282)
Justiniškės;Talino g. (37)
Fabijoniškės;A. Gelgaudo g. (21)
Fabijoniškės;Ateities g. (38 iš 74*)
Fabijoniškės;Daubų g. (10)
Fabijoniškės;Didlaukio g. (12 iš 104*)
Fabijoniškės;Dominiškių g. (6)
Fabijoniškės;Duonos Kalno g. (10)
Fabijoniškės;Dvynių g. (6)
Fabijoniškės;Eglynlaukio g. (9)
Fabijoniškės;Fabijoniškių g. (99)
Fabijoniškės;Gedvydžių g. (35)
Fabijoniškės;Gojavietės g. (8)
Fabijoniškės;J. K. Chodkevičiaus g. (31)
Fabijoniškės;Juliaus Juzeliūno g. (12)
Fabijoniškės;Kaimelio g. (36)
Fabijoniškės;Kęsgailų g. (12)
Fabijoniškės;Kireniškių g. (5)
Fabijoniškės;Kruopiškių g. (5)
Fabijoniškės;L. Giros g. (78 iš 80*)
Fabijoniškės;Laiškiškių g. (6)
Fabijoniškės;Lygių g. (11)
Fabijoniškės;Liudviko Zamenhofo g. (7)
Fabijoniškės;M. K. Šemetos g. (21)
Fabijoniškės;Mergelės g. (12)
Fabijoniškės;Mykolo Lietuvio g. (14 iš 16*)
Fabijoniškės;Mykolo Sleževičiaus g. (6)
Fabijoniškės;Naujakiemio g. (1 iš 52*)
Fabijoniškės;Nuotakų g. (8)
Fabijoniškės;Ožiaragio g. (7)
Fabijoniškės;P. Žadeikos g. (34)
Fabijoniškės;Paukščių Tako g. (63)
Fabijoniškės;Pelėdūnų g. (8)
Fabijoniškės;Prano Vaičaičio g. (13 iš 19*)
Fabijoniškės;Raudonupio g. (10)
Fabijoniškės;Riaubonių g. (13)
Fabijoniškės;S. Stanevičiaus g. (126)
Fabijoniškės;Salaspilio g. (3)
Fabijoniškės;Salomėjos Nėries g. (57)
Fabijoniškės;Sidabro Kalno g. (23)
Fabijoniškės;Svarstyklių g. (23)
Fabijoniškės;Šventeliškių g. (3)
Fabijoniškės;Ukmergės g. (29 iš 146*)
Fabijoniškės;Vandenio g. (32 iš 34*)
Fabijoniškės;Visorių g. (15 iš 67*)
Karoliniškės;Algimanto Petro Kavoliuko g. (32)
Karoliniškės;Apolinaro Juozo Povilaičio g. (15)
Karoliniškės;Dariaus Gerbutavičiaus g. (10)
Karoliniškės;Igno Šimulionio g. (10)
Karoliniškės;Joensū skv.
Karoliniškės;Laisvės pr. (14 iš 124*)
Karoliniškės;Loretos Asanavičiūtės g. (41)
Karoliniškės;Mėnulio g. (17)
Karoliniškės;Pilaitės pr. (5 iš 15*)
Karoliniškės;Rolando Jankausko g. (18)
Karoliniškės;Sausio 13-osios g. (33)
Karoliniškės;Sietyno g. (18)
Karoliniškės;Vido Maciulevičiaus g. (12)
Karoliniškės;Virginijaus Druskio g. (14)
Karoliniškės;Vytauto Vaitkaus g. (11)
Lazdynai;Ratilių g. (20)
Lazdynai;Rūko g. (31)
Lazdynai;Sutemų g. (16)
Lazdynai;Šalnos g. (23)
Lazdynai;Šaltūnų g. (50)
Lazdynai;Šarmos g. (18)
Lazdynai;Šerkšno g. (18)
Lazdynai;Šiltnamių g. (20)
Lazdynai;Ungurių g. (19)
Lazdynai;Upėtakių g. (15)
Lazdynai;Užutėkio g. (27)
Lazdynai;Vakaro g. (19)
Lazdynai;Vėgėlių g. (6)
Lazdynai;Vinco Krėvės g. (9)
Lazdynai;Žaros g. (33)
Lazdynai;Žėručio g. (22)
Naujamiestis;A. Domaševičiaus g. (6)
Naujamiestis;A. Goštauto g. (17)
Naujamiestis;A. Jakšto g. (19)
Naujamiestis;A. Rotundo g. (6)
Naujamiestis;A. Smetonos g. (11)
Naujamiestis;A. Stulginskio g. (4)
Naujamiestis;A. Vienuolio g. (9)
Naujamiestis;A. Vivulskio g. (49)
Naujamiestis;Aguonų g. (11 iš 23*)
Naujamiestis;Akmenų g. (13)
Naujamiestis;Algirdo g. (70)
Naujamiestis;Aludarių g. (4)
Naujamiestis;Amatų g. (4)
Naujamiestis;Ankštoji g. (7)
Naujamiestis;Antano Tumėno g. (2)
Naujamiestis;Aukų g. (3)
Naujamiestis;Beatričės g. (1)
Naujamiestis;Beržyno g. (8)
Naujamiestis;Birželio 23-iosios g. (17)
Naujamiestis;Dainavos g. (5)
Naujamiestis;Gedimino pr. (57 iš 78*)
Naujamiestis;Geležinio Vilko g. (9 iš 47*)
Naujamiestis;Geležinkelio g. (13 iš 19*)
Naujamiestis;Gynėjų g. (7)
Naujamiestis;J. Basanavičiaus g. (45 iš 67*)
Naujamiestis;J. Jablonskio g. (5)
Naujamiestis;J. Jasinskio g. (28)
Naujamiestis;J. Lelevelio g. (3)
Naujamiestis;J. Savickio g. (12)
Naujamiestis;J. Tumo-Vaižganto g. (6)
Naujamiestis;Jogailos g. (9 iš 16*)
Naujamiestis;Jono Aisčio g. (1 iš 29*)
Naujamiestis;Jovaro g. (11)
Naujamiestis;K. Donelaičio g. (28)
Naujamiestis;K. Griniaus g.
Naujamiestis;K. Kalinausko g. (21 iš 28*)
Naujamiestis;Kaštonų g. (10)
Naujamiestis;Kauno g. (34 iš 45*)
Naujamiestis;Kedrų g. (6)
Naujamiestis;Kražių g. (14)
Naujamiestis;Lentpjūvių skg. (2)
Naujamiestis;Lukiškių g. (8)
Naujamiestis;Lukiškių a. (1)
Naujamiestis;Lukiškių skg. (4)
Naujamiestis;M. K. Čiurlionio g. (70 iš 81*)
Naujamiestis;M. Valančiaus g. (6)
Naujamiestis;Marijampolės g. (8)
Naujamiestis;Mečetės g. (2)
Naujamiestis;Mindaugo g. (23 iš 40*)
Naujamiestis;Muitinės g. (7)
Naujamiestis;Naugarduko g. (74 iš 89*)
Naujamiestis;Nepriklausomybės a.
Naujamiestis;Nočios g. (10)
Naujamiestis;P. Cvirkos a.
Naujamiestis;P. Klimo g. (8)
Naujamiestis;P. Skorinos g. (11)
Naujamiestis;Pakalnės g. (10)
Naujamiestis;Pamėnkalnio g. (36)
Naujamiestis;Panerių g. (49 iš 52*)
Naujamiestis;Pelesos g. (8 iš 40*)
Naujamiestis;Pylimo g. (1 iš 77*)
Naujamiestis;Punsko g. (1)
Naujamiestis;Raseinių g. (17)
Naujamiestis;Rožių al. (4)
Naujamiestis;S. Konarskio g. (40 iš 56*)
Naujamiestis;Savanorių pr. (27 iš 250*)
Naujamiestis;Seinų g. (2)
Naujamiestis;Simono Konarskio skv.
Naujamiestis;Smolensko g. (20)
Naujamiestis;Sodų g. (6 iš 28*)
Naujamiestis;Statybininkų g. (10)
Naujamiestis;Stoties g.
Naujamiestis;Suvalkų g. (9)
Naujamiestis;Šaltinių g. (17 iš 36*)
Naujamiestis;Šermukšnių g. (12)
Naujamiestis;Šv. Stepono g. (8 iš 55*)
Naujamiestis;Šviesos g. (12)
Naujamiestis;Švitrigailos g. (66)
Naujamiestis;T. Ševčenkos g. (29)
Naujamiestis;Tauro g. (11)
Naujamiestis;V. Mykolaičio-Putino g. (6)
Naujamiestis;V. Pietario g. (3 iš 8*)
Naujamiestis;Vasario 16-osios g. (8)
Naujamiestis;Vašingtono a. (1)
Naujamiestis;Vilniaus g. (3 iš 33*)
Naujamiestis;Vinco Kudirkos g. (15)
Naujamiestis;Vytenio g. (47)
Naujamiestis;Z. Sierakausko g. (19)
Naujamiestis;Žemaitės skv.
Naujamiestis;Žemaitės g. (6 iš 23*)
Naujininkai;A. Gustaičio g. (19)
Naujininkai;A. Jaroševičiaus g. (20)
Naujininkai;Adelės Dirsytės g.
Naujininkai;Adutiškio g. (5)
Naujininkai;Aidukaičių g. (33)
Naujininkai;Alberto Zalatoriaus g. (5)
Naujininkai;Aleksandro Barausko g.
Naujininkai;Aleksandro Kuršaičio g. (16)
Naujininkai;Aleksandro Vanago g.
Naujininkai;Algimanto Juozako g.
Naujininkai;Alytaus g. (19)
Naujininkai;Alšėnų g. (9)
Naujininkai;Antano Juškos g. (3)
Naujininkai;Antano Mikėno g. (8)
Naujininkai;Antano Musteikio g.
Naujininkai;Antano Salio g. (12)
Naujininkai;Apso g. (14)
Naujininkai;Asavos g. (6)
Naujininkai;Augusto Šleicherio g. (6)
Naujininkai;Avinėlių g. (17)
Naujininkai;Baltosios Vokės g. (5 iš 36*)
Naujininkai;Baltosios Vokės Sodų g. (64 iš 65*)
Naujininkai;Barčių g. (55)
Naujininkai;Bartų g. (1)
Naujininkai;Barūnų g.
Naujininkai;Bernardo Brazdžionio g. (20)
Naujininkai;Brolių g. (17)
Naujininkai;Burbiškių g. (24)
Naujininkai;Butkų Juzės g. (12)
Naujininkai;Butrimonių g. (18)
Naujininkai;Čigonų g.
Naujininkai;Danieliaus Kleino g. (7)
Naujininkai;Dano Pozniako g. (1)
Naujininkai;Darbininkų g. (23)
Naujininkai;Dargiliškių g. (16)
Naujininkai;Dariaus ir Girėno g. (113)
Naujininkai;Daškūnų g. (62)
Naujininkai;Daugų g. (22)
Naujininkai;Dieveniškių g. (5)
Naujininkai;Ditvos g.
Naujininkai;Drūkšių g. (7)
Naujininkai;Dubičių g. (13)
Naujininkai;Dusinėnų g. (54)
Naujininkai;Dzūkų g. (81 iš 83*)
Naujininkai;Eišiškių pl. (104 iš 111*)
Naujininkai;Eišiškių Sodų 1-oji g. (22)
Naujininkai;Eišiškių Sodų 10-oji g. (12)
Naujininkai;Eišiškių Sodų 11-oji g. (10)
Naujininkai;Eišiškių Sodų 12-oji g. (34)
Naujininkai;Eišiškių Sodų 13-oji g. (24)
Naujininkai;Eišiškių Sodų 14-oji g. (3)
Naujininkai;Eišiškių Sodų 15-oji g. (18)
Naujininkai;Eišiškių Sodų 16-oji g. (38)
Naujininkai;Eišiškių Sodų 17-oji g. (17)
Naujininkai;Eišiškių Sodų 18-oji g. (9)
Naujininkai;Eišiškių Sodų 2-oji g. (23)
Naujininkai;Eišiškių Sodų 3-ioji g. (18)
Naujininkai;Eišiškių Sodų 4-oji g. (12)
Naujininkai;Eišiškių Sodų 5-oji g. (14)
Naujininkai;Eišiškių Sodų 6-oji g. (26)
Naujininkai;Eišiškių Sodų 7-oji g. (39)
Naujininkai;Eišiškių Sodų 8-oji g. (13)
Naujininkai;Eišiškių Sodų 9-oji g. (10)
Naujininkai;Fausto Kiršos g. (28)
Naujininkai;Felikso Vaitkaus g. (1)
Naujininkai;Gairinės g. (23)
Naujininkai;Gamyklos g. (12)
Naujininkai;Garvežių g. (12)
Naujininkai;Geologų g. (17)
Naujininkai;Geranainių g. (22)
Naujininkai;Gervėbalės g. (43)
Naujininkai;Gintaro Žagunio g.
Naujininkai;Griežlių g. (3)
Naujininkai;Gudų g. (20)
Naujininkai;Iešmininkų g. (16)
Naujininkai;Igno Jonyno g. (2)
Naujininkai;Ilgalaukio g. (3)
Naujininkai;J. Bielinio g. (18)
Naujininkai;Jašiūnų g. (9)
Naujininkai;Javų g. (2)
Naujininkai;Jono Aisčio g. (28 iš 29*)
Naujininkai;Jono Jurkšto g. (3)
Naujininkai;Jotvingių g. (11)
Naujininkai;Juozapo Strumilos g. (5)
Naujininkai;Juozo Maceikos g. (3)
Naujininkai;Jurgio Dobkevičiaus g. (6)
Naujininkai;Jurgio Kybarto g.
Naujininkai;Kalvelių g. (2)
Naujininkai;Kalviškių g. (6)
Naujininkai;Kaminkelio g. (47)
Naujininkai;Kapsų g. (48)
Naujininkai;Karaliaus Šulinio g. (31)
Naujininkai;Katiliškių g. (37 iš 39*)
Naujininkai;Katros g. (13)
Naujininkai;Kelmijos g. (59)
Naujininkai;Kelmijos Sodų 1-oji g. (17)
Naujininkai;Kelmijos Sodų 10-oji g. (44)
Naujininkai;Kelmijos Sodų 11-oji g. (37)
Naujininkai;Kelmijos Sodų 12-oji g. (38)
Naujininkai;Kelmijos Sodų 13-oji g. (27)
Naujininkai;Kelmijos Sodų 14-oji g. (8)
Naujininkai;Kelmijos Sodų 15-oji g. (6)
Naujininkai;Kelmijos Sodų 16-oji g. (11)
Naujininkai;Kelmijos Sodų 17-oji g. (35)
Naujininkai;Kelmijos Sodų 18-oji g. (31)
Naujininkai;Kelmijos Sodų 19-oji g. (37)
Naujininkai;Kelmijos Sodų 2-oji g. (13)
Naujininkai;Kelmijos Sodų 20-oji g. (20)
Naujininkai;Kelmijos Sodų 21-oji g. (25)
Naujininkai;Kelmijos Sodų 22-oji g. (18)
Naujininkai;Kelmijos Sodų 23-ioji g. (8)
Naujininkai;Kelmijos Sodų 24-oji g. (34)
Naujininkai;Kelmijos Sodų 25-oji g. (19)
Naujininkai;Kelmijos Sodų 26-oji g. (14)
Naujininkai;Kelmijos Sodų 27-oji g. (26)
Naujininkai;Kelmijos Sodų 28-oji g. (9)
Naujininkai;Kelmijos Sodų 29-oji g. (31)
Naujininkai;Kelmijos Sodų 3-ioji g. (11)
Naujininkai;Kelmijos Sodų 30-oji g. (20)
Naujininkai;Kelmijos Sodų 31-oji g. (67)
Naujininkai;Kelmijos Sodų 32-oji g. (47)
Naujininkai;Kelmijos Sodų 33-ioji g. (15)
Naujininkai;Kelmijos Sodų 34-oji g. (81)
Naujininkai;Kelmijos Sodų 35-oji g. (10)
Naujininkai;Kelmijos Sodų 36-oji g. (52)
Naujininkai;Kelmijos Sodų 37-oji g. (13)
Naujininkai;Kelmijos Sodų 38-oji g. (27)
Naujininkai;Kelmijos Sodų 39-oji g. (31)
Naujininkai;Kelmijos Sodų 4-oji g. (10)
Naujininkai;Kelmijos Sodų 40-oji g. (23)
Naujininkai;Kelmijos Sodų 41-oji g. (33)
Naujininkai;Kelmijos Sodų 42-oji g. (10)
Naujininkai;Kelmijos Sodų 43-ioji g. (40)
Naujininkai;Kelmijos Sodų 44-oji g. (29)
Naujininkai;Kelmijos Sodų 45-oji g. (6)
Naujininkai;Kelmijos Sodų 46-oji g. (9)
Naujininkai;Kelmijos Sodų 47-oji g. (17)
Naujininkai;Kelmijos Sodų 48-oji g. (15)
Naujininkai;Kelmijos Sodų 49-oji g. (10)
Naujininkai;Kelmijos Sodų 5-oji g. (5)
Naujininkai;Kelmijos Sodų 50-oji g. (19)
Naujininkai;Kelmijos Sodų 51-oji g. (37)
Naujininkai;Kelmijos Sodų 52-oji g. (12)
Naujininkai;Kelmijos Sodų 53-ioji g. (23)
Naujininkai;Kelmijos Sodų 54-oji g. (29)
Naujininkai;Kelmijos Sodų 55-oji g. (16)
Naujininkai;Kelmijos Sodų 56-oji g. (26)
Naujininkai;Kelmijos Sodų 57-oji g. (17)
Naujininkai;Kelmijos Sodų 58-oji g. (17)
Naujininkai;Kelmijos Sodų 59-oji g. (17)
Naujininkai;Kelmijos Sodų 6-oji g. (17)
Naujininkai;Kelmijos Sodų 60-oji g. (17)
Naujininkai;Kelmijos Sodų 61-oji g. (20)
Naujininkai;Kelmijos Sodų 62-oji g. (36)
Naujininkai;Kelmijos Sodų 63-ioji g. (36)
Naujininkai;Kelmijos Sodų 64-oji g. (32)
Naujininkai;Kelmijos Sodų 65-oji g. (13)
Naujininkai;Kelmijos Sodų 66-oji g. (10)
Naujininkai;Kelmijos Sodų 67-oji g. (13)
Naujininkai;Kelmijos Sodų 68-oji g. (11)
Naujininkai;Kelmijos Sodų 69-oji g. (32)
Naujininkai;Kelmijos Sodų 7-oji g. (17)
Naujininkai;Kelmijos Sodų 70-oji g. (24)
Naujininkai;Kelmijos Sodų 71-oji g. (71)
Naujininkai;Kelmijos Sodų 72-oji g. (31)
Naujininkai;Kelmijos Sodų 73-ioji g. (29)
Naujininkai;Kelmijos Sodų 74-oji g. (19)
Naujininkai;Kelmijos Sodų 75-oji g. (33)
Naujininkai;Kelmijos Sodų 76-oji g. (14)
Naujininkai;Kelmijos Sodų 77-oji g. (10)
Naujininkai;Kelmijos Sodų 78-oji g. (14)
Naujininkai;Kelmijos Sodų 79-oji g. (9)
Naujininkai;Kelmijos Sodų 8-oji g. (30)
Naujininkai;Kelmijos Sodų 80-oji g. (70)
Naujininkai;Kelmijos Sodų 81-oji g. (25)
Naujininkai;Kelmijos Sodų 82-oji g. (22)
Naujininkai;Kelmijos Sodų 83-ioji g. (18)
Naujininkai;Kelmijos Sodų 84-oji g. (25)
Naujininkai;Kelmijos Sodų 85-oji g. (49)
Naujininkai;Kelmijos Sodų 86-oji g. (46)
Naujininkai;Kelmijos Sodų 9-oji g. (43)
Naujininkai;Konduktorių g. (15)
Naujininkai;Krakūnų g. (1)
Naujininkai;Kuršių g. (28)
Naujininkai;Kuzmiškių g. (11)
Naujininkai;Lenkų g. (14)
Naujininkai;Liepkalnio g. (74 iš 242*)
Naujininkai;Mančiagirės g. (8)
Naujininkai;Mechanikų g. (90)
Naujininkai;Meistrų g. (14)
Naujininkai;Melioratorių g. (64)
Naujininkai;Merkinės g. (15)
Naujininkai;Metalo g. (45)
Naujininkai;Mindaugo Balavako g.
Naujininkai;Miškinių Sodų g. (29)
Naujininkai;Miškinių Sodų 1-oji g. (11)
Naujininkai;Miškinių Sodų 2-oji g. (18)
Naujininkai;Molynės g. (24)
Naujininkai;Motorų g. (21)
Naujininkai;Naujininkų g. (29 iš 33*)
Naujininkai;Navasiškių g. (28)
Naujininkai;Nemėžėlės g. (8)
Naujininkai;Oreivių g.
Naujininkai;Pabarės g. (12)
Naujininkai;Pakupečių g. (16)
Naujininkai;Palionių g. (13)
Naujininkai;Panevėžio g. (25)
Naujininkai;Pelesos g. (20 iš 40*)
Naujininkai;Perlamo g.
Naujininkai;Perlojos g. (14)
Naujininkai;Petro Joniko g. (10)
Naujininkai;Pilikonių g. (31)
Naujininkai;Pivašiūnų g. (6)
Naujininkai;Povų g. (19)
Naujininkai;Pranciškaus Žvirkos g. (7)
Naujininkai;Prano Skardžiaus g. (12)
Naujininkai;Prūsų g. (19)
Naujininkai;Pumpurų g. (23)
Naujininkai;Pupinės g. (14)
Naujininkai;Pustabalių g. (6)
Naujininkai;Raistelių g. (15 iš 18*)
Naujininkai;Ričardo Rabavičiaus g.
Naujininkai;Riešutų g. (12)
Naujininkai;Ringės g. (17)
Naujininkai;Rodūnios kelias (32)
Naujininkai;Rodūnios Sodų 1-oji g. (6)
Naujininkai;Rodūnios Sodų 10-oji g. (8)
Naujininkai;Rodūnios Sodų 11-oji g. (12)
Naujininkai;Rodūnios Sodų 12-oji g. (13)
Naujininkai;Rodūnios Sodų 13-oji g. (5)
Naujininkai;Rodūnios Sodų 14-oji g. (8)
Naujininkai;Rodūnios Sodų 15-oji g. (8)
Naujininkai;Rodūnios Sodų 16-oji g. (8)
Naujininkai;Rodūnios Sodų 17-oji g. (6)
Naujininkai;Rodūnios Sodų 18-oji g. (7)
Naujininkai;Rodūnios Sodų 19-oji g. (6)
Naujininkai;Rodūnios Sodų 2-oji g. (11)
Naujininkai;Rodūnios Sodų 20-oji g. (4)
Naujininkai;Rodūnios Sodų 21-oji g. (3)
Naujininkai;Rodūnios Sodų 22-oji g. (3)
Naujininkai;Rodūnios Sodų 23-ioji g. (2)
Naujininkai;Rodūnios Sodų 24-oji g. (4)
Naujininkai;Rodūnios Sodų 3-ioji g. (9)
Naujininkai;Rodūnios Sodų 4-oji g. (10)
Naujininkai;Rodūnios Sodų 5-oji g. (7)
Naujininkai;Rodūnios Sodų 6-oji g. (10)
Naujininkai;Rodūnios Sodų 7-oji g. (4)
Naujininkai;Rodūnios Sodų 8-oji g. (2)
Naujininkai;Rodūnios Sodų 9-oji g. (5)
Naujininkai;Rudaminos g. (9)
Naujininkai;Sakalaičių g. (12)
Naujininkai;Sakalaičių Sodų 1-oji g. (14)
Naujininkai;Sakalaičių Sodų 10-oji g. (13)
Naujininkai;Sakalaičių Sodų 11-oji g. (9)
Naujininkai;Sakalaičių Sodų 12-oji g. (11)
Naujininkai;Sakalaičių Sodų 2-oji g. (27)
Naujininkai;Sakalaičių Sodų 3-ioji g. (27)
Naujininkai;Sakalaičių Sodų 4-oji g. (62)
Naujininkai;Sakalaičių Sodų 5-oji g. (64)
Naujininkai;Sakalaičių Sodų 6-oji g. (51)
Naujininkai;Sakalaičių Sodų 7-oji g. (44)
Naujininkai;Sakalaičių Sodų 8-oji g. (50)
Naujininkai;Sakalaičių Sodų 9-oji g. (42)
Naujininkai;Salininkų g. (96)
Naujininkai;Salininkų Sodų 1-oji g. (20)
Naujininkai;Salininkų Sodų 10-oji g. (15)
Naujininkai;Salininkų Sodų 11-oji g. (8)
Naujininkai;Salininkų Sodų 12-oji g. (13)
Naujininkai;Salininkų Sodų 14-oji g. (3)
Naujininkai;Salininkų Sodų 15-oji g. (6)
Naujininkai;Salininkų Sodų 16-oji g. (3)
Naujininkai;Salininkų Sodų 17-oji g. (4)
Naujininkai;Salininkų Sodų 2-oji g. (23)
Naujininkai;Salininkų Sodų 3-ioji g. (27)
Naujininkai;Salininkų Sodų 4-oji g. (28)
Naujininkai;Salininkų Sodų 5-oji g. (34)
Naujininkai;Salininkų Sodų 6-oji g. (6)
Naujininkai;Salininkų Sodų 7-oji g. (11)
Naujininkai;Salininkų Sodų 8-oji g. (4)
Naujininkai;Salininkų Sodų 9-oji g. (6)
Naujininkai;Sartų g. (5)
Naujininkai;Sebastijoniškių g. (22)
Naujininkai;Skaisteros g. (21)
Naujininkai;Sniego g. (3)
Naujininkai;Sparno g. (5)
Naujininkai;Spenglos g. (12)
Naujininkai;Stanislovo Orlavičiaus g.
Naujininkai;Stasio Samalavičiaus g. (3)
Naujininkai;Šalčininkų g. (38)
Naujininkai;Šalčios g. (13)
Naujininkai;Šaltkalvių g. (35)
Naujininkai;Šumsko g. (12)
Naujininkai;Tabariškių g. (11)
Naujininkai;Tarpkalnio g. (36)
Naujininkai;Telšių g. (19)
Naujininkai;Tyzenhauzų g. (45 iš 59*)
Naujininkai;Trobų g. (5)
Naujininkai;Tunelio g. (24)
Naujininkai;Upelio g. (14)
Naujininkai;Užusienio g. (127)
Naujininkai;Vaikų g. (25)
Naujininkai;Vaivorykštės g. (12)
Naujininkai;Valakų g. (18)
Naujininkai;Varėnos g. (15)
Naujininkai;Versekos g. (12)
Naujininkai;Vikingų g. (3)
Naujininkai;Visinčios g. (6)
Naujininkai;Vyšnių g. (6)
Naujininkai;Vladimiro Toporovo g. (3)
Naujininkai;Zanavykų g. (11)
Naujininkai;Zervynų g. (6)
Naujininkai;Zigmo Gėlės g. (20)
Naujininkai;Zuikių g. (10 iš 35*)
Naujininkai;Žadiškių g. (1)
Naujininkai;Žaliojo Kelio 1-oji g. (14)
Naujininkai;Žaliojo Kelio 2-oji g. (17)
Naujininkai;Žirnių g. (36)
Naujininkai;Žiūrų g. (23)
Naujininkai;Žižmos g. (4)
Naujoji Vilnia;Jūrotiškių g. (4)
Naujoji Vilnia;Justino Staugaičio g. (31)
Naujoji Vilnia;K. Čibiro g. (17)
Naujoji Vilnia;K. Jakubėno g. (6)
Naujoji Vilnia;K. Stašio g. (4)
Naujoji Vilnia;Kalnėnų g. (80)
Naujoji Vilnia;Kalno g. (61 iš 96*)
Naujoji Vilnia;Kampo g. (13)
Naujoji Vilnia;Kaniaviškių g. (21)
Naujoji Vilnia;Karelų g.
Naujoji Vilnia;Karklėnų g. (9)
Naujoji Vilnia;Karklų g. (37)
Naujoji Vilnia;Katkų g. (2)
Naujoji Vilnia;Kazio Bizausko g. (73)
Naujoji Vilnia;Keltų g.
Naujoji Vilnia;Kijevo g. (1)
Naujoji Vilnia;Kiminų g. (21)
Naujoji Vilnia;Kirtavietės g. (7)
Naujoji Vilnia;Kišiniovo g. (9)
Naujoji Vilnia;Kyvės g.
Naujoji Vilnia;Klonių g. (11)
Naujoji Vilnia;Kroatų g. (28)
Naujoji Vilnia;Kučkuriškių g. (5)
Naujoji Vilnia;Kuodiškių g. (24)
Naujoji Vilnia;Kurapkų g. (31)
Naujoji Vilnia;Lazūnų g. (3)
Naujoji Vilnia;Leonardo Palevičiaus g. (24)
Naujoji Vilnia;Levidonių g. (52)
Naujoji Vilnia;Liepto g. (15)
Naujoji Vilnia;Linksmoji g. (49)
Naujoji Vilnia;Linų g. (12)
Naujoji Vilnia;Lipniškių g. (13)
Naujoji Vilnia;Liškiavos g. (13)
Naujoji Vilnia;Lyvių g. (12)
Naujoji Vilnia;Lukšinės g. (32)
Naujoji Vilnia;M. Balinskio g. (12)
Naujoji Vilnia;M. Davainio-Silvestraičio g. (4)
Naujoji Vilnia;M. Šikšnio g. (71)
Naujoji Vilnia;Maltiečių g.
Naujoji Vilnia;Martyno Yčo g. (14)
Naujoji Vilnia;Mečislovo Reinio g. (34)
Naujoji Vilnia;Medaus g. (39)
Naujoji Vilnia;Medonešio g. (6)
Naujoji Vilnia;Meškonių g. (1)
Naujoji Vilnia;Mickūnų g. (15)
Naujoji Vilnia;Migūnų g. (8)
Naujoji Vilnia;Mykolo Krupavičiaus g. (32)
Naujoji Vilnia;Mindaugo Tomonio g.
Naujoji Vilnia;Minsko pl. (24 iš 57*)
Naujoji Vilnia;Mirtų g. (25)
Naujoji Vilnia;Moldovos g. (25)
Naujoji Vilnia;Mūrinė g. (30)
Naujoji Vilnia;Nasturtų g. (23)
Naujoji Vilnia;Naujoji g. (11)
Naujoji Vilnia;Nendrių g.
Naujoji Vilnia;Norberto Vėliaus g. (15)
Naujoji Vilnia;Norvegų g. (10)
Naujoji Vilnia;P. B. Šivickio g. (37)
Naujoji Vilnia;P. Žižmaro g. (10)
Naujoji Vilnia;Paeglinės g. (25)
Naujoji Vilnia;Paeglinės Sodų 1-oji g. (40)
Naujoji Vilnia;Paeglinės Sodų 10-oji g. (16)
Naujoji Vilnia;Paeglinės Sodų 2-oji g. (27)
Naujoji Vilnia;Paeglinės Sodų 3-ioji g. (6)
Naujoji Vilnia;Paeglinės Sodų 4-oji g. (20)
Naujoji Vilnia;Paeglinės Sodų 5-oji g. (31)
Naujoji Vilnia;Paeglinės Sodų 6-oji g. (19)
Naujoji Vilnia;Paeglinės Sodų 7-oji g. (18)
Naujoji Vilnia;Paeglinės Sodų 8-oji g. (16)
Naujoji Vilnia;Paeglinės Sodų 9-oji g. (20)
Naujoji Vilnia;Palaukės g. (9)
Naujoji Vilnia;Palydovo g. (104)
Naujoji Vilnia;Pamiškio g. (13)
Naujoji Vilnia;Paparčių g. (25)
Naujoji Vilnia;Parko g. (69)
Naujoji Vilnia;Pavėsio g. (15)
Naujoji Vilnia;Pavilnio g. (14 iš 16*)
Naujoji Vilnia;Pavilnio Sodų 1-oji g. (21)
Naujoji Vilnia;Pavilnio Sodų 10-oji g. (17)
Naujoji Vilnia;Pavilnio Sodų 11-oji g. (22)
Naujoji Vilnia;Pavilnio Sodų 12-oji g. (15)
Naujoji Vilnia;Pavilnio Sodų 13-oji g. (13)
Naujoji Vilnia;Pavilnio Sodų 14-oji g. (15)
Naujoji Vilnia;Pavilnio Sodų 15-oji g. (16)
Naujoji Vilnia;Pavilnio Sodų 16-oji g. (17)
Naujoji Vilnia;Pavilnio Sodų 17-oji g. (47)
Naujoji Vilnia;Pavilnio Sodų 18-oji g. (16)
Naujoji Vilnia;Pavilnio Sodų 19-oji g. (32)
Naujoji Vilnia;Pavilnio Sodų 2-oji g. (24)
Naujoji Vilnia;Pavilnio Sodų 20-oji g. (27)
Naujoji Vilnia;Pavilnio Sodų 21-oji g. (9)
Naujoji Vilnia;Pavilnio Sodų 22-oji g. (12)
Naujoji Vilnia;Pavilnio Sodų 3-ioji g. (21)
Naujoji Vilnia;Pavilnio Sodų 4-oji g. (41)
Naujoji Vilnia;Pavilnio Sodų 5-oji g. (16)
Naujoji Vilnia;Pavilnio Sodų 6-oji g. (16)
Naujoji Vilnia;Pavilnio Sodų 7-oji g. (16)
Naujoji Vilnia;Pavilnio Sodų 8-oji g. (34)
Naujoji Vilnia;Pavilnio Sodų 9-oji g. (9)
Naujoji Vilnia;Pempių g. (6)
Naujoji Vilnia;Pempių Sodų g. (21)
Naujoji Vilnia;Pempių Sodų 1-oji g. (19)
Naujoji Vilnia;Pempių Sodų 2-oji g. (37)
Naujoji Vilnia;Pempių Sodų 3-ioji g. (18)
Naujoji Vilnia;Pergalės g. (42)
Naujoji Vilnia;Petro Babickio g. (10)
Naujoji Vilnia;Petro Leono g.
Naujoji Vilnia;Plynės g. (14)
Naujoji Vilnia;Plytų g. (17)
Naujoji Vilnia;Portugalų g. (24)
Naujoji Vilnia;Povilo Plechavičiaus g. (6)
Naujoji Vilnia;Pramonės g. (142)
Naujoji Vilnia;Prancūzų g. (26)
Naujoji Vilnia;Prano Dovydaičio g. (14)
Naujoji Vilnia;Priekalo g. (3)
Naujoji Vilnia;Pūčkorių g. (9)
Naujoji Vilnia;Punios g. (11)
Naujoji Vilnia;R. Mackonio g. (19)
Naujoji Vilnia;Raigardo g. (5)
Naujoji Vilnia;Rakonių g. (29)
Naujoji Vilnia;Retkonių g. (4)
Naujoji Vilnia;Riešutynės g. (33)
Naujoji Vilnia;Rimdžiūnų g. (10)
Naujoji Vilnia;Rytų g. (49)
Naujoji Vilnia;Rokantiškių g. (29 iš 82*)
Naujoji Vilnia;Rokantos g. (9)
Naujoji Vilnia;Rugiagėlių g. (23)
Naujoji Vilnia;Rukainių g. (61 iš 62*)
Naujoji Vilnia;Rumunų g. (2)
Naujoji Vilnia;S. Raštikio g. (28)
Naujoji Vilnia;Saliamono Banaičio g. (17)
Naujoji Vilnia;Samalaukės g. (13)
Naujoji Vilnia;Samių g.
Naujoji Vilnia;Saulenių g. (2)
Naujoji Vilnia;Savičiūnų g. (21)
Naujoji Vilnia;Skaidiškių g. (17)
Naujoji Vilnia;Skardžio g. (21)
Naujoji Vilnia;Skydo g. (19)
Naujoji Vilnia;Slovėnų g. (4)
Naujoji Vilnia;Smurgainių g. (8)
Naujoji Vilnia;Sodelių g. (5)
Naujoji Vilnia;Sodžiaus g. (45)
Naujoji Vilnia;Stanislovo Narutavičiaus g. (43)
Naujoji Vilnia;Stasio Antano Bačkio g. (28)
Naujoji Vilnia;Stasio Lozoraičio g. (42)
Naujoji Vilnia;Stasio Šalkausko g. (7)
Naujoji Vilnia;Stasio Šilingo g. (80)
Naujoji Vilnia;Stepono Batoro g. (39 iš 103*)
Naujoji Vilnia;Strielčiukų g. (38)
Naujoji Vilnia;Suomių g. (14)
Naujoji Vilnia;Svajos g. (40)
Naujoji Vilnia;Svyrių g. (5)
Naujoji Vilnia;Šalavijų g. (1)
Naujoji Vilnia;Šatrininkų g. (13)
Naujoji Vilnia;Šiaurės g. (54)
Naujoji Vilnia;Šiaurės Sodų 1-oji g. (55)
Naujoji Vilnia;Šiaurės Sodų 2-oji g. (11)
Naujoji Vilnia;Šiaurės Sodų 3-ioji g. (62)
Naujoji Vilnia;Šiaurės Sodų 4-oji g. (88)
Naujoji Vilnia;Šiaurės Sodų 5-oji g. (40)
Naujoji Vilnia;Šiaurės Sodų 6-oji g. (39)
Naujoji Vilnia;Šiaurės Sodų 7-oji g. (21)
Naujoji Vilnia;Šiaurės Sodų 8-oji g. (12)
Naujoji Vilnia;Širšių g. (8)
Naujoji Vilnia;Škotų g. (36)
Naujoji Vilnia;Švarioji g. (24)
Naujoji Vilnia;Švedų g. (22)
Naujoji Vilnia;Šveicarų g. (15)
Naujoji Vilnia;Švendubrės g. (11)
Naujoji Vilnia;Taboro g. (3)
Naujoji Vilnia;Tako g. (13)
Naujoji Vilnia;Taugotiškių g. (31)
Naujoji Vilnia;Tolimoji g. (54)
Naujoji Vilnia;Tolimosios Sodų g. (46)
Naujoji Vilnia;Tolimosios Sodų 1-oji g. (26)
Naujoji Vilnia;Tolimosios Sodų 2-oji g. (35)
Naujoji Vilnia;Tolimosios Sodų 3-ioji g. (14)
Naujoji Vilnia;Tolimosios Sodų 4-oji g. (34)
Naujoji Vilnia;Topolių g. (12)
Naujoji Vilnia;Tremtinių g. (10)
Naujoji Vilnia;Tulpių g. (5)
Naujoji Vilnia;Tuputiškių g. (37)
Naujoji Vilnia;Turmanto g.
Naujoji Vilnia;Ukrainiečių g. (34)
Naujoji Vilnia;Ūlos g. (10)
Naujoji Vilnia;Untulių g. (23)
Naujoji Vilnia;Uosių g. (57)
Naujoji Vilnia;Uosių Sodų g. (16)
Naujoji Vilnia;Uosių Sodų 1-oji g. (6)
Naujoji Vilnia;Uosių Sodų 10-oji g. (8)
Naujoji Vilnia;Uosių Sodų 11-oji g. (5)
Naujoji Vilnia;Uosių Sodų 12-oji g. (18)
Naujoji Vilnia;Uosių Sodų 13-oji g. (23)
Naujoji Vilnia;Uosių Sodų 14-oji g. (10)
Naujoji Vilnia;Uosių Sodų 15-oji g. (6)
Naujoji Vilnia;Uosių Sodų 16-oji g. (7)
Naujoji Vilnia;Uosių Sodų 17-oji g. (13)
Naujoji Vilnia;Uosių Sodų 18-oji g. (17)
Naujoji Vilnia;Uosių Sodų 19-oji g. (12)
Naujoji Vilnia;Uosių Sodų 2-oji g. (6)
Naujoji Vilnia;Uosių Sodų 20-oji g. (10)
Naujoji Vilnia;Uosių Sodų 21-oji g. (15)
Naujoji Vilnia;Uosių Sodų 22-oji g. (20)
Naujoji Vilnia;Uosių Sodų 23-ioji g. (4)
Naujoji Vilnia;Uosių Sodų 24-oji g. (19)
Naujoji Vilnia;Uosių Sodų 25-oji g. (6)
Naujoji Vilnia;Uosių Sodų 26-oji g. (7)
Naujoji Vilnia;Uosių Sodų 27-oji g. (10)
Naujoji Vilnia;Uosių Sodų 28-oji g. (10)
Naujoji Vilnia;Uosių Sodų 29-oji g. (11)
Naujoji Vilnia;Uosių Sodų 3-ioji g. (7)
Naujoji Vilnia;Uosių Sodų 4-oji g. (4)
Naujoji Vilnia;Uosių Sodų 5-oji g. (5)
Naujoji Vilnia;Uosių Sodų 6-oji g. (13)
Naujoji Vilnia;Uosių Sodų 7-oji g. (13)
Naujoji Vilnia;Uosių Sodų 8-oji g. (15)
Naujoji Vilnia;Uosių Sodų 9-oji g. (17)
Naujoji Vilnia;Užkiemio g. (11)
Naujoji Vilnia;Užtvankos g. (6)
Naujoji Vilnia;V. Sirokomlės g. (39)
Naujoji Vilnia;V. Žilėno g. (16)
Naujoji Vilnia;Vaisių g. (29)
Naujoji Vilnia;Vaismedžių g. (11)
Naujoji Vilnia;Vaivos g. (31)
Naujoji Vilnia;Valdemaro Čarneckio g. (53)
Naujoji Vilnia;Valonų g. (40)
Naujoji Vilnia;Vandens g. (43)
Naujoji Vilnia;Varnionių g. (14)
Naujoji Vilnia;Vengrų g. (11)
Naujoji Vilnia;Verbų g. (50)
Naujoji Vilnia;Verbų skg. (14)
Naujoji Vilnia;Versmių g. (118)
Naujoji Vilnia;Viršupio g. (2 iš 44*)
Naujoji Vilnia;Vlado Jurgučio g. (20)
Naujoji Vilnia;Vlado Mirono g. (16)
Naujoji Vilnia;Vlado Stašinsko g. (40)
Naujoji Vilnia;Zavadskių g. (9)
Naujoji Vilnia;Zofijos Gulevič g. (33)
Naujoji Vilnia;Žaliakalnio g. (43)
Naujoji Vilnia;Žaliakalnio Sodų 1-oji g. (26)
Naujoji Vilnia;Žaliakalnio Sodų 2-oji g. (29)
Naujoji Vilnia;Žemoji g. (107)
Naujoji Vilnia;Žiedų g. (10)
Naujoji Vilnia;Žilvičių g. (54)
Naujoji Vilnia;Žodiškių g. (6)
Naujoji Vilnia;Žvirblių g. (1)
Paneriai;Abromiškių g. (18)
Paneriai;Adolfo Jucio g. (23)
Paneriai;Agrastų g. (28)
Paneriai;Akmenės g. (13)
Paneriai;Alantos g. (15)
Paneriai;Aldonos Makūnaitės g. (12)
Paneriai;Aleksandro Jurašaičio g. (15)
Paneriai;Aleksandro Strauso g. (17)
Paneriai;Alksnyno g. (2)
Paneriai;Antano Gudaičio g. (45)
Paneriai;Apuokų g. (15)
Paneriai;Artojų g. (23)
Paneriai;Atokaitos g. (11)
Paneriai;Avilių g. (1)
Paneriai;Bališkių g. (18)
Paneriai;Baltosios Vokės g. (31 iš 36*)
Paneriai;Baltosios Vokės Sodų g. (1 iš 65*)
Paneriai;Baravykų g. (11)
Paneriai;Barkiškių g.
Paneriai;Bičiulių g. (27)
Paneriai;Bražuolės g. (55)
Paneriai;Daniliškių g. (36)
Paneriai;Daubiškių g. (14)
Paneriai;Dedeliškių g. (7)
Paneriai;Degučių g. (23)
Paneriai;Diemedžio g.
Paneriai;Dobrovolės g. (2)
Paneriai;Domicelės Tarabildienės g. (25)
Paneriai;Drevininkų g. (95)
Paneriai;Dubelės g. (6)
Paneriai;Dubliškių g. (11)
Paneriai;Dusmenų g. (25)
Paneriai;E. Pliaterytės g. (37)
Paneriai;Eduardo Andrė g. (18)
Paneriai;Eglyno g. (7)
Paneriai;Eišiškių pl. (7 iš 111*)
Paneriai;Elvyro Andriolio g. (44)
Paneriai;Ežių g. (3)
Paneriai;Fabriko g. (69)
Paneriai;Fermentų g. (3)
Paneriai;Gaidžiabūdės g. (10)
Paneriai;Galvės g. (11)
Paneriai;Galvės 1-oji g. (7)
Paneriai;Galvės 2-oji g. (4)
Paneriai;Gariūnų g. (18)
Paneriai;Gariūnų aklg. (16)
Paneriai;Gerosios Valios g. (9)
Paneriai;Girių g. (47)
Paneriai;Granito g. (13)
Paneriai;Grinės g. (9)
Paneriai;Gunkliškių g. (13)
Paneriai;Guobų g. (15)
Paneriai;Gurelių g. (95)
Paneriai;I. Masalskio g. (41)
Paneriai;Ižos g. (2)
Paneriai;J. Tiškevičiaus g. (53)
Paneriai;Jaunystės g. (67)
Paneriai;Jočionių g. (33)
Paneriai;Jogėliškių g. (27)
Paneriai;Jono Kristupo Damelio g. (15)
Paneriai;Jono Rustemo g.
Paneriai;Jono Švažo g. (32)
Paneriai;Juditos Vaičiūnaitės g. (15)
Paneriai;Juliaus Janonio g. (40)
Paneriai;Juliškių g. (18)
Paneriai;Juodšilių g. (40)
Paneriai;Juozapo Čechavičiaus g. (10)
Paneriai;Kadugių g. (14)
Paneriai;Kaimynų g. (24)
Paneriai;Kazbėjų g. (65)
Paneriai;Kazimiero Jokanto g. (25)
Paneriai;Kiaunių g. (87)
Paneriai;Kibirkšties g. (12)
Paneriai;Kiemeliškių g. (30)
Paneriai;Kirtimų g. (59)
Paneriai;Konstantino Ostrogiškio g. (5)
Paneriai;Kopūstėlių g. (23)
Paneriai;Kovarniškių g. (8)
Paneriai;Krautuvių g. (5)
Paneriai;Kunigiškių g. (66 iš 92*)
Paneriai;Kuro g. (4)
Paneriai;L. Ivinskio g. (6)
Paneriai;Laukymės g. (21)
Paneriai;Leipalingio g. (8)
Paneriai;Lelijų g. (7)
Paneriai;Lentvario g. (62)
Paneriai;Liepų al. (54)
Paneriai;Lygainių g. (8)
Paneriai;Liudvinavo g. (131)
Paneriai;Logistikos g. (6)
Paneriai;Lukos g. (18)
Paneriai;Maceliškių g. (4)
Paneriai;Mačiuliškių g. (26)
Paneriai;Maksimiškių g. (2)
Paneriai;Mardasavo g. (7)
Paneriai;Margirio g. (6)
Paneriai;Matiškių g. (45)
Paneriai;Medkirčių g. (19)
Paneriai;Metelių g. (5)
Paneriai;Metropolio g. (4)
Paneriai;Mykolės Krinickaitės g. (3)
Paneriai;Miško g. (5)
Paneriai;Moksleivių g. (7)
Paneriai;Motiejaus Butrimavičiaus g. (13)
Paneriai;Mūrinės Vokės g. (38)
Paneriai;Naujasodžio g. (86)
Paneriai;Neskučių g. (29)
Paneriai;Ožiakalnio g. (34)
Paneriai;Pagirio g. (10)
Paneriai;Pagojuko g. (12)
Paneriai;Paneriškių g. (20)
Paneriai;Pašto g. (10)
Paneriai;Petešos g. (26)
Paneriai;Pietinė g.
Paneriai;Pilialaukio g. (8)
Paneriai;Pilypinės g. (13)
Paneriai;Pirklių g. (13)
Paneriai;Plaknos g. (43)
Paneriai;Plikakalnio g. (18)
Paneriai;Plomėnų g.
Paneriai;Pranapolio g. (10)
Paneriai;Prūdiškių g.
Paneriai;Račkūnų g.
Paneriai;Raipolio g. (11)
Paneriai;Raistelių g. (3 iš 18*)
Paneriai;Ražienų g. (7)
Paneriai;Rėvos g.
Paneriai;Rėžių g.
Paneriai;Saidžiukų g. (17)
Paneriai;Sakų g. (23)
Paneriai;Salpos g. (32)
Paneriai;Sandėlių g. (17)
Paneriai;Sangrūdos g. (20)
Paneriai;Savanorių pr. (25 iš 250*)
Paneriai;Senasis Gardino pl. (6)
Paneriai;Serapiniškių g.
Paneriai;Sirpučių g. (85)
Paneriai;Skynimų g.
Paneriai;Skirpstų g.
Paneriai;Skurbutėnų g.
Paneriai;Speigo g. (9)
Paneriai;Stanislovo Flerio g. (20)
Paneriai;Stasylų g. (7)
Paneriai;Stasio Krasausko g. (27)
Paneriai;Stasio Ušinsko g. (17)
Paneriai;Strazdų g. (12)
Paneriai;Svyronės g. (26)
Paneriai;Šalnaitės g. (16)
Paneriai;Šarkytės g. (16)
Paneriai;Šernų g. (11)
Paneriai;Šešėlių g. (37)
Paneriai;T. Zano g. (10)
Paneriai;Tarnėnų g. (28)
Paneriai;Terminalo g. (6)
Paneriai;Tylioji g. (16)
Paneriai;Titnago g. (27 iš 39*)
Paneriai;Trampolio g. (6)
Paneriai;Trivyžos g. (11)
Paneriai;Trumpoji g. (12)
Paneriai;Urėdų g. (37)
Paneriai;Užilgių g.
Paneriai;V. A. Graičiūno g. (47)
Paneriai;Vaduvos g. (9 iš 85*)
Paneriai;Vaidagų g. (69)
Paneriai;Vaidotų g. (38)
Paneriai;Valkų g. (8)
Paneriai;Vanagiškių g. (13)
Paneriai;Varnikėlių g.
Paneriai;Vasarotojų g. (15)
Paneriai;Veisiejų g. (6)
Paneriai;Vėjo g. (77)
Paneriai;Vėsos g. (12)
Paneriai;Vilijos g. (17)
Paneriai;Vilkiškės g. (39)
Paneriai;Vinkšnų g. (3)
Paneriai;Voverių g. (14)
Paneriai;Zigmantiškių g. (5)
Paneriai;Zubiškių g.
Paneriai;Zuikių g. (25 iš 35*)
Paneriai;Žalioji a. (14)
Paneriai;Žarijų g. (14)
Pašilaičiai;Antežerių g. (14)
Pašilaičiai;Augustų g. (26)
Pašilaičiai;Avižienių g. (1)
Pašilaičiai;Baluosių g. (4)
Pašilaičiai;Bendorių g. (29)
Pašilaičiai;Benykštaičių g. (12)
Pašilaičiai;Bieliūnų g. (2)
Pašilaičiai;Budiniškių g. (1)
Pašilaičiai;Čikagos al.
Pašilaičiai;Čimbariškių g. (15)
Pašilaičiai;Dagiliškių g. (18)
Pašilaičiai;Dociškių g. (11)
Pašilaičiai;Duisburgo g. (4)
Pašilaičiai;Edinburgo g. (14)
Pašilaičiai;Eitminų g. (8)
Pašilaičiai;Fridricho Gedkanto g. (20)
Pašilaičiai;Gabijos g. (65)
Pašilaičiai;Gailašių g. (20)
Pašilaičiai;Gegliškių g. (40)
Pašilaičiai;Gileikių g.
Pašilaičiai;Gineitiškių g. (50)
Pašilaičiai;Girulių g. (15)
Pašilaičiai;Graužupių g. (19)
Pašilaičiai;Grigalaukio g. (3)
Pašilaičiai;Grikienių g. (4)
Pašilaičiai;Jono Glaubico g. (22)
Pašilaičiai;Juodelių g. (9)
Pašilaičiai;Juozo Kamarausko g. (38)
Pašilaičiai;Jurgio Baltrušaičio g. (5)
Pašilaičiai;Justiniškių g. (21 iš 124*)
Pašilaičiai;Karališkių g. (24)
Pašilaičiai;Kelmiškių g. (25)
Pašilaičiai;Kelpių g. (16)
Pašilaičiai;Laidagalvių g. (11)
Pašilaičiai;Laisvės pr. (51 iš 124*)
Pašilaičiai;Lazdakiemio g. (10)
Pašilaičiai;Leičių g. (1)
Pašilaičiai;Masionių g. (11)
Pašilaičiai;Medeinos g. (40)
Pašilaičiai;Mykolo Šulco g. (11)
Pašilaičiai;Pagrandos g. (15)
Pašilaičiai;Pašilaičių g. (37)
Pašilaičiai;Pavilnionių g. (13)
Pašilaičiai;Perkūnkiemio g. (40)
Pašilaičiai;Pikutiškių g. (55)
Pašilaičiai;Pumpėnų g. (1)
Pašilaičiai;Pušaloto g.
Pašilaičiai;Putiniškių g. (39)
Pašilaičiai;Raisteniškių g. (27)
Pašilaičiai;Raudonbalės g. (28)
Pašilaičiai;Ryliškių g. (18)
Pašilaičiai;S. Lasavicko g. (7)
Pašilaičiai;Sviliškių g. (9)
Pašilaičiai;Tarandės g. (53)
Pašilaičiai;Tauliškių g. (22)
Pašilaičiai;Tekliūnų g. (11)
Pašilaičiai;Tomo Žebrausko g. (21)
Pašilaičiai;Ukmergės g. (46 iš 146*)
Pašilaičiai;Užubalių g. (18)
Pašilaičiai;V. Smakausko g. (6)
Pašilaičiai;Vaivadiškių g. (61)
Pašilaičiai;Vakarinė g. (22)
Pašilaičiai;Vidautiškių g. (17)
Pašilaičiai;Vincento Gorskio g. (26)
Pašilaičiai;Virbeliškių g. (3)
Pašilaičiai;Zalcburgo al.
Pašilaičiai;Žalesos g. (4)
Pašilaičiai;Žemynos g. (50)
Pašilaičiai;Žirgupės g. (16)
Pašilaičiai;Žozefo Pusjė g. (22)
Pilaitė;Adomo Brako g. (4)
Pilaitė;Aismarių g. (10)
Pilaitė;Alnos g. (7)
Pilaitė;Angelavos g. (16)
Pilaitė;Antanerės g. (6)
Pilaitė;Argos g. (3)
Pilaitė;Arnavos g. (13)
Pilaitė;Auros g. (5)
Pilaitė;Balgos g. (10)
Pilaitė;Bitėnų g. (10)
Pilaitė;Cintų g. (5)
Pilaitė;Čekoniškių g. (32)
Pilaitė;Danės g. (9)
Pilaitė;Dargužių g. (12)
Pilaitė;Darkiemio g. (31)
Pilaitė;Deimenos g. (2)
Pilaitė;Dituvos g. (44)
Pilaitė;Eitkūnų g. (6)
Pilaitė;Gavaičių g. (3)
Pilaitė;Gedupės g. (8)
Pilaitė;Gelažių g. (5)
Pilaitė;Geryčių g. (3)
Pilaitė;Gilijos g.
Pilaitė;Gilužio g. (13)
Pilaitė;Girdavos g. (42)
Pilaitė;Gumbinės g. (13)
Pilaitė;I. Kanto al. (30)
Pilaitė;I. Simonaitytės g. (11)
Pilaitė;Ievos Labutytės g. (14)
Pilaitė;Ylavos g. (10)
Pilaitė;Ilmenos g. (3)
Pilaitė;Įsruties g. (35)
Pilaitė;J. Bobrovskio g. (9)
Pilaitė;J. Bretkūno g. (18)
Pilaitė;J. Zauerveino g.
Pilaitė;Juodkrantės g. (1)
Pilaitė;Karaliaučiaus g. (70)
Pilaitė;Karvaičių g. (36)
Pilaitė;Katyčių g. (2)
Pilaitė;Katniavos g. (43)
Pilaitė;Kirsnos g. (10)
Pilaitė;Knygnešių g. (4)
Pilaitė;Knypavos g. (29)
Pilaitė;Kriaučiūnų g. (126)
Pilaitė;L. Rėzos al. (1)
Pilaitė;Labguvos g. (13)
Pilaitė;Lauknos g. (3)
Pilaitė;Lautės g. (80)
Pilaitė;Lūjos g. (19)
Pilaitė;Luknojų g.
Pilaitė;M. Jankaus g. (4)
Pilaitė;M. Mažvydo g. (17)
Pilaitė;M. Pretorijaus g. (4)
Pilaitė;Medinavos g. (15)
Pilaitė;Mielkiemio g. (5)
Pilaitė;Mikytų g. (5)
Pilaitė;Nadruvos g. (35)
Pilaitė;Nidos g. (6)
Pilaitė;Obeliškių g.
Pilaitė;Padekaniškių g. (21)
Pilaitė;Pajautos g. (16)
Pilaitė;Pakarvių g.
Pilaitė;Pakluonės g. (31)
Pilaitė;Palvininkų g.
Pilaitė;Papilėnų g. (25)
Pilaitė;Papiškių g. (22)
Pilaitė;Pervalkos g. (1)
Pilaitė;Pilaitės pr. (9 iš 15*)
Pilaitė;Pilaitės Sodų g. (27)
Pilaitė;Pilaitės Sodų 1-oji g. (22)
Pilaitė;Pilaitės Sodų 2-oji g. (14)
Pilaitė;Pilaitės Sodų 3-ioji g. (26)
Pilaitė;Pilaitės Sodų 4-oji g. (26)
Pilaitė;Pilaitės Sodų 5-oji g. (21)
Pilaitė;Pilaitės Sodų 6-oji g. (28)
Pilaitė;Pilaitės Sodų 8-oji g. (23)
Pilaitė;Piliakalnio g. (21)
Pilaitė;Piliavos g. (6)
Pilaitė;Pilkalnio g.
Pilaitė;Platiniškių g. (6)
Pilaitė;Preilos g.
Pilaitė;Priegliaus g. (9)
Pilaitė;Priekulės g. (21)
Pilaitė;Ragainės g. (16)
Pilaitė;Rambyno g. (8)
Pilaitė;Ramintos g. (9)
Pilaitė;Rantavos g. (11)
Pilaitė;Rasytės g. (25)
Pilaitė;Rojaus g. (4)
Pilaitė;Rūdavos g. (20)
Pilaitė;Rusnės g. (3)
Pilaitė;Saldenės g. (9)
Pilaitė;Salotės g. (27)
Pilaitė;Sauluvos g. (25)
Pilaitė;Sembos g. (17)
Pilaitė;Senosios Pilaitės kelias (1)
Pilaitė;Sidaronių g. (2)
Pilaitė;Smalinės g. (29)
Pilaitė;Stalupėnų g. (27)
Pilaitė;Stanislovo Rapolionio g. (15)
Pilaitė;Šarkuvos g. (24)
Pilaitė;Tarpučių g. (12)
Pilaitė;Taurupės g. (2)
Pilaitė;Tepliavos g.
Pilaitė;Tylos g. (7)
Pilaitė;Tilžės g. (27)
Pilaitė;Tolminkiemio g. (26)
Pilaitė;Toravos g. (6)
Pilaitė;Trakėnų g. (40)
Pilaitė;Tvenkinių g. (6)
Pilaitė;Valdavos g. (15)
Pilaitė;Valtarkiemio g.
Pilaitė;Varnės g. (50)
Pilaitė;Vėluvos g. (10)
Pilaitė;Ventės g. (3)
Pilaitė;Verdainės g. (1)
Pilaitė;Vydūno g. (24)
Pilaitė;Vilkeliškių g. (17)
Pilaitė;Virbalio g. (4)
Pilaitė;Vištyčio g. (2)
Pilaitė;Vorupės g. (64)
Pilaitė;Zujūnų g. (38)
Pilaitė;Žuvininkų g. (10)
Rasos;Aido g. (6)
Rasos;Alkūnės g. (22)
Rasos;Balandžių g. (17)
Rasos;Belmonto g. (22 iš 35*)
Rasos;Belvederio g. (26)
Rasos;Beržuonos g. (8)
Rasos;Birbynių g. (58)
Rasos;Dailidžių g. (47)
Rasos;Dalgių g. (17)
Rasos;Darbo g. (7)
Rasos;Dilgynės g. (5 iš 15*)
Rasos;Dirvonų g. (8)
Rasos;Dobilų g. (4)
Rasos;Drebulės g. (3)
Rasos;Drujos g. (1)
Rasos;Dunojaus g. (22)
Rasos;Dzūkų g. (2 iš 83*)
Rasos;Filaretų g. (78 iš 112*)
Rasos;Flamandų g. (1 iš 6*)
Rasos;Gardino g. (36)
Rasos;Gaujos g.
Rasos;Gegužės g. (7)
Rasos;Geležinė g. (33)
Rasos;Gurių g. (4 iš 69*)
Rasos;Juodasis kelias (12 iš 202*)
Rasos;Juodojo Kelio Sodų g. (19)
Rasos;Kalvos g. (8 iš 9*)
Rasos;Katiliškių g. (2 iš 39*)
Rasos;Kaukysos g. (6)
Rasos;Kenos g. (10)
Rasos;Kirkuto al. (1)
Rasos;Krėvos g. (13)
Rasos;Kuprioniškių g. (30)
Rasos;Liepkalnio g. (168 iš 242*)
Rasos;Lyglaukių g. (23)
Rasos;Manufaktūrų g. (34)
Rasos;Markučių g. (61)
Rasos;Medininkų g. (12)
Rasos;Minsko pl. (33 iš 57*)
Rasos;Murlinės g.
Rasos;Naručio g. (11)
Rasos;Naujininkų g. (4 iš 33*)
Rasos;Olandų g. (8 iš 41*)
Rasos;Pakraščio g. (7)
Rasos;Paplaujos g. (25)
Rasos;Pavilnio g. (2 iš 16*)
Rasos;Pelesos g. (12 iš 40*)
Rasos;Peteliškių g. (27)
Rasos;Pipirų g. (11)
Rasos;Pirčiupių g. (4)
Rasos;Povilo Višinskio g. (6 iš 9*)
Rasos;Raguvos g. (16)
Rasos;Ramybės g. (15)
Rasos;Ramunių g. (36)
Rasos;Rasų g. (65 iš 74*)
Rasos;Ribiškių takas (38)
Rasos;Ribiškių Didžioji g. (21)
Rasos;Ribiškių Sodų 1-oji g. (17)
Rasos;Ribiškių Sodų 2-oji g. (9)
Rasos;Ribiškių Sodų 3-ioji g. (35)
Rasos;Rudens g. (31 iš 66*)
Rasos;Rukainių g. (1 iš 62*)
Rasos;Saulėgrąžų g. (8)
Rasos;Serbų g.
Rasos;Servečės g.
Rasos;Sibiro g. (36)
Rasos;Skudučių g. (9)
Rasos;Slėnio g. (13)
Rasos;Sodybų g. (12)
Rasos;Srovės g. (28)
Rasos;Stadiono g. (6)
Rasos;Stalių g. (16)
Rasos;Stepono Batoro g. (64 iš 103*)
Rasos;Subačiaus g. (63 iš 106*)
Rasos;Sukilėlių g. (11)
Rasos;Sulos g.
Rasos;Svylos g.
Rasos;Svirno g. (18)
Rasos;Šarkų g. (23)
Rasos;Tyzenhauzų g. (14 iš 59*)
Rasos;Turgelių g. (8)
Rasos;Ušos g. (2)
Rasos;Varšuvos g. (30)
Rasos;Veiverių g. (9)
Rasos;Verslo g. (22)
Rasos;Vieversių g. (21)
Rasos;Vilnelės g. (30)
Rasos;Zarasų g. (1 iš 8*)
Rasos;Žibuoklių g. (48)
Rasos;Žiemos g. (21)
Rasos;Žiogų g. (27)
Senamiestis;A. Strazdelio g. (3)
Senamiestis;A. Volano g. (1)
Senamiestis;Aguonų g. (12 iš 23*)
Senamiestis;Arklių g. (17)
Senamiestis;Arsenalo g. (4)
Senamiestis;Ašmenos g. (5)
Senamiestis;Augustijonų g. (4)
Senamiestis;Aukštaičių g. (20)
Senamiestis;Aušros Vartų g. (33)
Senamiestis;Balstogės g. (7)
Senamiestis;Baltasis skg. (12)
Senamiestis;Barboros Radvilaitės g. (12)
Senamiestis;Bazilijonų g. (12)
Senamiestis;Benediktinių g.
Senamiestis;Bernardinų g. (11)
Senamiestis;Bokšto g. (25)
Senamiestis;Didžioji g. (42)
Senamiestis;Dysnos g. (3)
Senamiestis;Dominikonų g. (13)
Senamiestis;Etmonų g. (4)
Senamiestis;Filaretų g. (25 iš 112*)
Senamiestis;Gaono g. (7)
Senamiestis;Gedimino pr. (21 iš 78*)
Senamiestis;Geležinkelio g. (6 iš 19*)
Senamiestis;Gėlių g. (12)
Senamiestis;Gervėčių g. (9)
Senamiestis;Geto Aukų a.
Senamiestis;Islandijos g. (3)
Senamiestis;Išganytojo g. (2)
Senamiestis;J. Basanavičiaus g. (22 iš 67*)
Senamiestis;Jogailos g. (7 iš 16*)
Senamiestis;Jono Meko skersvėjo takas
Senamiestis;Jono Žemaičio a.
Senamiestis;K. Kalinausko g. (7 iš 28*)
Senamiestis;K. Sirvydo g. (3)
Senamiestis;K. Sirvydo skv.
Senamiestis;K. Vanagėlio g. (8)
Senamiestis;Karmelitų g. (5)
Senamiestis;Katedros a. (3)
Senamiestis;Kauno g. (11 iš 45*)
Senamiestis;Kazio Škirpos al.
Senamiestis;Kėdainių g. (2)
Senamiestis;Klaipėdos g. (12)
Senamiestis;Kreivasis skg. (10)
Senamiestis;Krivių g. (54)
Senamiestis;Krivūlės g. (15)
Senamiestis;Kruopų g. (9)
Senamiestis;Kūdrų g.
Senamiestis;L. Stuokos-Gucevičiaus g. (8)
Senamiestis;Labdarių g. (11)
Senamiestis;Lapų g. (3)
Senamiestis;Latako g. (7)
Senamiestis;Lazdynų Pelėdos skv.
Senamiestis;Lydos g. (6)
Senamiestis;Liejyklos g. (10)
Senamiestis;Ligoninės g. (10)
Senamiestis;Literatų g. (7)
Senamiestis;M. Antokolskio g. (4)
Senamiestis;M. Daukšos g. (22)
Senamiestis;M. Dobužinskio g. (10)
Senamiestis;Maironio g. (24)
Senamiestis;Malūnų g. (11)
Senamiestis;Mėsinių g. (6)
Senamiestis;Mielagėnų g. (2)
Senamiestis;Miesto Sienos g.
Senamiestis;Mindaugo g. (17 iš 40*)
Senamiestis;Naugarduko g. (8 iš 89*)
Senamiestis;Odminių g. (15)
Senamiestis;Olandų g. (21 iš 41*)
Senamiestis;Onos Šimaitės g.
Senamiestis;Palangos g. (2)
Senamiestis;Pasažo skg.
Senamiestis;Paupio g. (42)
Senamiestis;Pilies g. (36)
Senamiestis;Pylimo g. (76 iš 77*)
Senamiestis;Plačioji g. (5)
Senamiestis;Polocko g. (81)
Senamiestis;Povilo Višinskio g. (3 iš 9*)
Senamiestis;Pranciškonų g. (6)
Senamiestis;Radvilų g. (4)
Senamiestis;Rasų g. (9 iš 74*)
Senamiestis;Raugyklos g. (16)
Senamiestis;Reformatų skv.
Senamiestis;Rotušės a.
Senamiestis;Rūdninkų g. (11)
Senamiestis;Rusų g. (3)
Senamiestis;S. Daukanto a. (4)
Senamiestis;S. Moniuškos skv.
Senamiestis;S. Skapo g. (10)
Senamiestis;Savičiaus g. (20)
Senamiestis;Sluškų g. (5)
Senamiestis;Sodų g. (22 iš 28*)
Senamiestis;Stasio Vainiūno g. (1)
Senamiestis;Stiklių g. (12)
Senamiestis;Subačiaus g. (43 iš 106*)
Senamiestis;Šaltinių g. (19 iš 36*)
Senamiestis;Šiaulių g. (6)
Senamiestis;Šiltadaržio g. (6)
Senamiestis;Šv. Brunono Bonifaco g.
Senamiestis;Šv. Dvasios g. (2)
Senamiestis;Šv. Ignoto g. (11)
Senamiestis;Šv. Jono g. (13)
Senamiestis;Šv. Kazimiero g. (6)
Senamiestis;Šv. Mikalojaus g. (7)
Senamiestis;Šv. Mykolo g. (8)
Senamiestis;Šv. Stepono g. (47 iš 55*)
Senamiestis;Švarco g.
Senamiestis;Švenčionių g. (28)
Senamiestis;Šventaragio g. (2)
Senamiestis;T. Kosciuškos g. (35)
Senamiestis;T. Vrublevskio g. (6)
Senamiestis;Teatro g. (16)
Senamiestis;Tibeto skv.
Senamiestis;Tilto g. (39)
Senamiestis;Totorių g. (28)
Senamiestis;Trakų g. (25)
Senamiestis;Universiteto g. (14)
Senamiestis;Užupio g. (45)
Senamiestis;V. Šopeno g. (15)
Senamiestis;Varpų g. (13)
Senamiestis;Vilniaus g. (30 iš 33*)
Senamiestis;Vilnios takas
Senamiestis;Vinco Kudirkos a. (1)
Senamiestis;Vingrių g. (26)
Senamiestis;Visų Šventųjų g. (3)
Senamiestis;Vitebsko g. (19)
Senamiestis;Vokiečių g. (26)
Senamiestis;Zarasų g. (7 iš 8*)
Senamiestis;Žemaitijos g. (12)
Senamiestis;Žydų g. (4)
Senamiestis;Žygimanto Liauksmino g. (5)
Senamiestis;Žygimantų g. (15)
Senamiestis;Žiupronių g.
Senamiestis;Žvirgždyno g. (16)
Šeškinė;Anykščių g. (28)
Šeškinė;Ąžuolyno g. (9 iš 13*)
Šeškinė;Buivydiškių g. (22)
Šeškinė;Čiobiškio g. (36)
Šeškinė;Deltuvos g. (21)
Šeškinė;Dūkštų g. (30)
Šeškinė;Geležinio Vilko g. (2 iš 47*)
Šeškinė;Gelvonų g. (83)
Šeškinė;Laisvės pr. (25 iš 124*)
Šeškinė;Musninkų g. (22)
Šeškinė;Ozo g. (20 iš 38*)
Šeškinė;Paberžės g. (23)
Šeškinė;Paribio g. (8 iš 55*)
Šeškinė;Siesikų g. (32)
Šeškinė;Sudervės kelias (5 iš 7*)
Šeškinė;Šeškinės g. (64)
Šeškinė;Šeškinės Sodų g. (58)
Šeškinė;Šeškinės Sodų 1-oji g. (9)
Šeškinė;Šeškinės Sodų 2-oji g. (12)
Šeškinė;Šeškinės Sodų 3-ioji g. (22)
Šeškinė;Ukmergės g. (66 iš 146*)
Šeškinė;Upytės g. (30)
Šeškinė;Želvos g. (26)
Šnipiškės;A. Juozapavičiaus g. (21)
Šnipiškės;Ceikinių g. (3)
Šnipiškės;Daugėliškio g. (38)
Šnipiškės;Dubingių g. (31)
Šnipiškės;Durpių g. (27)
Šnipiškės;Europos a. (1)
Šnipiškės;Gedimino Baravyko g. (6)
Šnipiškės;Geležinio Vilko g. (7 iš 47*)
Šnipiškės;Giedraičių g. (88)
Šnipiškės;H. Manto g. (5)
Šnipiškės;Kaltanėnų g. (13)
Šnipiškės;Kalvarijų g. (186 iš 349*)
Šnipiškės;Kazimiero Vasiliausko skv.
Šnipiškės;Kernavės g. (49)
Šnipiškės;Kintų g. (15)
Šnipiškės;Konstitucijos pr. (34)
Šnipiškės;Krokuvos g. (67)
Šnipiškės;Krosnies g.
Šnipiškės;Linkmenų g. (39)
Šnipiškės;Lvovo g. (62)
Šnipiškės;Maišiagalos g. (26)
Šnipiškės;Ozo g. (1 iš 38*)
Šnipiškės;Ratnyčios g. (45)
Šnipiškės;Rinktinės g. (30 iš 61*)
Šnipiškės;Rudnios g. (11)
Šnipiškės;S. Fino g. (15)
Šnipiškės;Saracėnų g. (8)
Šnipiškės;Slucko g. (18)
Šnipiškės;Šatrijos g. (7)
Šnipiškės;Šeimyniškių g. (29 iš 47*)
Šnipiškės;Šiaudinės g.
Šnipiškės;Šilutės g. (26)
Šnipiškės;Širvintų g. (59)
Šnipiškės;Šnipiškių g. (3)
Šnipiškės;Tauragnų g. (8)
Šnipiškės;Trimitų g. (8 iš 9*)
Šnipiškės;Turgaus g.
Šnipiškės;Upės g. (5 iš 6*)
Šnipiškės;Utenos g. (21)
Šnipiškės;Veprių g. (12)
Šnipiškės;Žalgirio g. (30 iš 36*)
Šnipiškės;Žvejų g. (2)
Verkiai;A. Šabaniausko g. (30)
Verkiai;Aitvarų g. (62)
Verkiai;Akademijos g. (3)
Verkiai;Alberto Telyčėno g. (24)
Verkiai;Algimanto Mackaus g. (11)
Verkiai;Alko g. (12)
Verkiai;Antano Krutulio g. (53)
Verkiai;Anupriškių g. (27)
Verkiai;Apynių g. (6)
Verkiai;Ateities g. (36 iš 74*)
Verkiai;Augusto Roberto Niemio g.
Verkiai;Aukštadvario g.
Verkiai;Aukuro g. (8)
Verkiai;Austėjos g. (60)
Verkiai;Aušrinės g. (17)
Verkiai;Aviečių g. (11)
Verkiai;Avietyno g. (25)
Verkiai;Avižų g. (23)
Verkiai;B. Dvariono g. (39)
Verkiai;Babinių g. (44)
Verkiai;Babinių Sodų 1-oji g. (10)
Verkiai;Babinių Sodų 10-oji g. (37)
Verkiai;Babinių Sodų 11-oji g. (11)
Verkiai;Babinių Sodų 12-oji g. (25)
Verkiai;Babinių Sodų 13-oji g. (12)
Verkiai;Babinių Sodų 14-oji g. (11)
Verkiai;Babinių Sodų 15-oji g. (11)
Verkiai;Babinių Sodų 16-oji g. (12)
Verkiai;Babinių Sodų 17-oji g. (23)
Verkiai;Babinių Sodų 18-oji g. (37)
Verkiai;Babinių Sodų 19-oji g. (21)
Verkiai;Babinių Sodų 2-oji g. (10)
Verkiai;Babinių Sodų 21-oji g. (20)
Verkiai;Babinių Sodų 22-oji g. (23)
Verkiai;Babinių Sodų 23-ioji g. (23)
Verkiai;Babinių Sodų 25-oji g. (61)
Verkiai;Babinių Sodų 26-oji g. (19)
Verkiai;Babinių Sodų 27-oji g. (11)
Verkiai;Babinių Sodų 28-oji g. (45)
Verkiai;Babinių Sodų 3-ioji g. (11)
Verkiai;Babinių Sodų 4-oji g. (8)
Verkiai;Babinių Sodų 5-oji g. (10)
Verkiai;Babinių Sodų 6-oji g. (9)
Verkiai;Babinių Sodų 7-oji g. (24)
Verkiai;Babinių Sodų 8-oji g. (9)
Verkiai;Babinių Sodų 9-oji g. (8)
Verkiai;Bagutiškių g. (27)
Verkiai;Bajorų kelias (36)
Verkiai;Bajorų Kelio 1-oji g. (61)
Verkiai;Bajorų Kelio 2-oji g. (22)
Verkiai;Bajorų Kelio 3-ioji g. (13)
Verkiai;Bajorų Kelio 4-oji g. (8)
Verkiai;Bajorų Sodų g. (63)
Verkiai;Bajorų Sodų 1-oji g. (15)
Verkiai;Bajorų Sodų 10-oji g. (13)
Verkiai;Bajorų Sodų 11-oji g. (23)
Verkiai;Bajorų Sodų 12-oji g. (4)
Verkiai;Bajorų Sodų 13-oji g. (20)
Verkiai;Bajorų Sodų 14-oji g. (29)
Verkiai;Bajorų Sodų 15-oji g. (9)
Verkiai;Bajorų Sodų 16-oji g. (27)
Verkiai;Bajorų Sodų 17-oji g. (40)
Verkiai;Bajorų Sodų 18-oji g. (35)
Verkiai;Bajorų Sodų 19-oji g. (28)
Verkiai;Bajorų Sodų 2-oji g. (38)
Verkiai;Bajorų Sodų 20-oji g. (15)
Verkiai;Bajorų Sodų 21-oji g. (27)
Verkiai;Bajorų Sodų 22-oji g. (25)
Verkiai;Bajorų Sodų 23-ioji g. (11)
Verkiai;Bajorų Sodų 24-oji g. (11)
Verkiai;Bajorų Sodų 25-oji g. (12)
Verkiai;Bajorų Sodų 26-oji g. (7)
Verkiai;Bajorų Sodų 27-oji g. (7)
Verkiai;Bajorų Sodų 28-oji g. (6)
Verkiai;Bajorų Sodų 29-oji g. (7)
Verkiai;Bajorų Sodų 3-ioji g. (18)
Verkiai;Bajorų Sodų 30-oji g. (4)
Verkiai;Bajorų Sodų 31-oji g. (4)
Verkiai;Bajorų Sodų 32-oji g. (5)
Verkiai;Bajorų Sodų 33-ioji g. (15)
Verkiai;Bajorų Sodų 4-oji g. (49)
Verkiai;Bajorų Sodų 5-oji g. (30)
Verkiai;Bajorų Sodų 6-oji g. (44)
Verkiai;Bajorų Sodų 7-oji g. (17)
Verkiai;Bajorų Sodų 8-oji g. (16)
Verkiai;Bajorų Sodų 9-oji g. (15)
Verkiai;Balsių g. (47)
Verkiai;Balsių Sodų 1-oji g. (93)
Verkiai;Balsių Sodų 10-oji g. (45)
Verkiai;Balsių Sodų 11-oji g. (78)
Verkiai;Balsių Sodų 12-oji g. (29)
Verkiai;Balsių Sodų 2-oji g. (79)
Verkiai;Balsių Sodų 3-ioji g. (12)
Verkiai;Balsių Sodų 4-oji g. (13)
Verkiai;Balsių Sodų 5-oji g. (32)
Verkiai;Balsių Sodų 6-oji g. (44)
Verkiai;Balsių Sodų 7-oji g. (54)
Verkiai;Balsių Sodų 8-oji g. (70)
Verkiai;Balsių Sodų 9-oji g. (23)
Verkiai;Baltadvario g. (7)
Verkiai;Baltų pr. (1)
Verkiai;Baltupio g. (67)
Verkiai;Benedikto Vainos g.
Verkiai;Biochemikų g. (16)
Verkiai;Birelių g. (55)
Verkiai;Birelių Sodų g. (32)
Verkiai;Birelių Sodų 1-oji g. (26)
Verkiai;Birelių Sodų 10-oji g. (21)
Verkiai;Birelių Sodų 11-oji g. (16)
Verkiai;Birelių Sodų 12-oji g. (35)
Verkiai;Birelių Sodų 13-oji g. (21)
Verkiai;Birelių Sodų 14-oji g. (25)
Verkiai;Birelių Sodų 15-oji g. (44)
Verkiai;Birelių Sodų 16-oji g. (11)
Verkiai;Birelių Sodų 17-oji g. (20)
Verkiai;Birelių Sodų 18-oji g. (17)
Verkiai;Birelių Sodų 19-oji g. (15)
Verkiai;Birelių Sodų 2-oji g. (14)
Verkiai;Birelių Sodų 20-oji g. (12)
Verkiai;Birelių Sodų 21-oji g. (11)
Verkiai;Birelių Sodų 23-ioji g. (33)
Verkiai;Birelių Sodų 24-oji g. (21)
Verkiai;Birelių Sodų 25-oji g. (14)
Verkiai;Birelių Sodų 3-ioji g. (8)
Verkiai;Birelių Sodų 4-oji g. (21)
Verkiai;Birelių Sodų 5-oji g. (61)
Verkiai;Birelių Sodų 6-oji g. (24)
Verkiai;Birelių Sodų 7-oji g. (24)
Verkiai;Birelių Sodų 8-oji g. (24)
Verkiai;Birelių Sodų 9-oji g. (21)
Verkiai;Bitininkų g. (37)
Verkiai;Brastos g. (59)
Verkiai;Braškių g. (21)
Verkiai;Broniaus Krivicko g. (27)
Verkiai;Bubilo g. (82)
Verkiai;Bulvikio g. (23)
Verkiai;Butigeidžio g. (3)
Verkiai;Butvydo g. (71)
Verkiai;Dalios g. (31)
Verkiai;Dangeručio g. (9)
Verkiai;Daujoto g. (2)
Verkiai;Daumanto g. (18)
Verkiai;Dausprungo g. (1)
Verkiai;Dausų g. (9)
Verkiai;Didlaukio g. (92 iš 104*)
Verkiai;Didžiųjų Gulbinų g. (18)
Verkiai;Draustinio g. (4)
Verkiai;Dundulio g. (29)
Verkiai;Dvariškių g. (78)
Verkiai;Dvaro g.
Verkiai;Europos Parko g. (230)
Verkiai;Eustachijaus Valavičiaus g.
Verkiai;Fizikų g. (46)
Verkiai;Gaižuvos g.
Verkiai;Galuklonių g.
Verkiai;Garšvėnų g. (22)
Verkiai;Geležinio Vilko g. (2 iš 47*)
Verkiai;Girinio g. (8)
Verkiai;Grūšiakalnio g. (70)
Verkiai;Gulbinėlių g. (111)
Verkiai;Gulbinėlių Sodų 1-oji g. (12)
Verkiai;Gulbinų g. (43)
Verkiai;Henriko Radausko g. (13)
Verkiai;Išilginė g. (9)
Verkiai;Iždo g. (18)
Verkiai;J. Degutytės g. (15)
Verkiai;J. Franko g. (30)
Verkiai;J. Tallat-Kelpšos g. (18)
Verkiai;Jaunučio g. (19)
Verkiai;Jauronių g. (29)
Verkiai;Jeronimo Ralio g.
Verkiai;Jeruzalės g. (40)
Verkiai;Jono Kairiūkščio g. (16)
Verkiai;Jono Kazlausko g. (18)
Verkiai;Jundos g. (39)
Verkiai;Juozapiškių g. (61)
Verkiai;Juozo Balčikonio g. (2)
Verkiai;Juozo Grušo g. (33)
Verkiai;Juozo Miltinio g. (38)
Verkiai;Juozo Pikčilingio g.
Verkiai;Jurgio Bialozoro g.
Verkiai;Jurgio Lebedžio g.
Verkiai;Jurgio Radvilos g.
Verkiai;Kalvarijų g. (131 iš 349*)
Verkiai;Kalvarijų Sodų 1-oji g. (4)
Verkiai;Kalvarijų Sodų 11-oji g. (8)
Verkiai;Kalvarijų Sodų 2-oji g. (29)
Verkiai;Kalvarijų Sodų 3-ioji g. (17)
Verkiai;Kalvarijų Sodų 4-oji g. (16)
Verkiai;Kalvarijų Sodų 5-oji g. (6)
Verkiai;Kalvarijų Sodų 6-oji g. (32)
Verkiai;Kalvarijų Sodų 7-oji g. (6)
Verkiai;Kalvarijų Sodų 8-oji g. (23)
Verkiai;Kalvarijų Sodų 9-oji g. (24)
Verkiai;Karšuvos g. (13)
Verkiai;Kaukų g. (57)
Verkiai;Kazimiero Pelčaro g. (1)
Verkiai;Kazio Borutos g. (42)
Verkiai;Kazio Ulvydo g. (3)
Verkiai;Kirnio g.
Verkiai;Kmitos g. (46)
Verkiai;Kolektyvo g. (257)
Verkiai;Korių g. (64)
Verkiai;Krakiškių g. (80)
Verkiai;Krakiškių Sodų 1-oji g. (12)
Verkiai;Krakiškių Sodų 10-oji g. (50)
Verkiai;Krakiškių Sodų 11-oji g. (15)
Verkiai;Krakiškių Sodų 12-oji g. (30)
Verkiai;Krakiškių Sodų 13-oji g. (16)
Verkiai;Krakiškių Sodų 14-oji g. (23)
Verkiai;Krakiškių Sodų 15-oji g. (117)
Verkiai;Krakiškių Sodų 16-oji g. (70)
Verkiai;Krakiškių Sodų 17-oji g. (11)
Verkiai;Krakiškių Sodų 18-oji g. (12)
Verkiai;Krakiškių Sodų 19-oji g. (9)
Verkiai;Krakiškių Sodų 2-oji g. (51)
Verkiai;Krakiškių Sodų 20-oji g. (48)
Verkiai;Krakiškių Sodų 21-oji g. (16)
Verkiai;Krakiškių Sodų 3-ioji g. (15)
Verkiai;Krakiškių Sodų 4-oji g. (26)
Verkiai;Krakiškių Sodų 5-oji g. (14)
Verkiai;Krakiškių Sodų 6-oji g. (17)
Verkiai;Krakiškių Sodų 7-oji g. (15)
Verkiai;Krakiškių Sodų 8-oji g. (7)
Verkiai;Krakiškių Sodų 9-oji g. (15)
Verkiai;Kremplių g. (44)
Verkiai;Kryžiokų g. (420)
Verkiai;Kryžiokų Sodų 1-oji g. (57)
Verkiai;Kryžiokų Sodų 10-oji g. (57)
Verkiai;Kryžiokų Sodų 11-oji g. (53)
Verkiai;Kryžiokų Sodų 12-oji g. (118)
Verkiai;Kryžiokų Sodų 13-oji g. (53)
Verkiai;Kryžiokų Sodų 2-oji g. (144)
Verkiai;Kryžiokų Sodų 3-ioji g. (45)
Verkiai;Kryžiokų Sodų 4-oji g. (51)
Verkiai;Kryžiokų Sodų 5-oji g. (86)
Verkiai;Kryžiokų Sodų 6-oji g. (135)
Verkiai;Kryžiokų Sodų 7-oji g. (24)
Verkiai;Kryžiokų Sodų 8-oji g. (120)
Verkiai;Kryžiokų Sodų 9-oji g. (248)
Verkiai;Kurklių g. (6)
Verkiai;Kviečių g. (17)
Verkiai;L. Giros g. (2 iš 80*)
Verkiai;L. Steponaitienės g. (5)
Verkiai;Laimos g. (28)
Verkiai;Laukelių g. (27)
Verkiai;Laukų g. (39)
Verkiai;Laumių g. (51)
Verkiai;Lydimėlių g. (8)
Verkiai;Lobio g. (35)
Verkiai;M. Bukšos g. (21)
Verkiai;M. Indriliūno g. (22)
Verkiai;Maldininkų g.
Verkiai;Marijos Horodničienės g. (24)
Verkiai;Maumedžių g. (38)
Verkiai;Mažųjų Gulbinų g.
Verkiai;Miežių g. (19)
Verkiai;Mykolo Lietuvio g. (2 iš 16*)
Verkiai;Mykolo Marcinkevičiaus g. (66)
Verkiai;Mokyklos g. (63)
Verkiai;Mokslininkų g. (62)
Verkiai;Molėtų pl. (54)
Verkiai;Nalšios g.
Verkiai;Narimanto g.
Verkiai;Naujakiemio g. (51 iš 52*)
Verkiai;Naujanerių g. (15)
Verkiai;Naujanerių Sodų 1-oji g. (51)
Verkiai;Naujanerių Sodų 2-oji g. (52)
Verkiai;Naujanerių Sodų 3-ioji g. (47)
Verkiai;Naujanerių Sodų 4-oji g. (41)
Verkiai;Naujanerių Sodų 5-oji g. (24)
Verkiai;Naujanerių Sodų 6-oji g. (47)
Verkiai;Naujanerių Sodų 7-oji g. (36)
Verkiai;Naujanerių Sodų 8-oji g. (44)
Verkiai;Netimero g. (52)
Verkiai;Nolonių g. (15)
Verkiai;Noragiškių g. (59)
Verkiai;Norviliškių g.
Verkiai;Numėjos g. (39)
Verkiai;Obelų g. (20)
Verkiai;Onos Miciūtės g. (21)
Verkiai;Ozo g. (17 iš 38*)
Verkiai;Ožkinių g. (117)
Verkiai;Ožkinių Sodų 1-oji g. (12)
Verkiai;Ožkinių Sodų 11-oji g. (23)
Verkiai;Ožkinių Sodų 12-oji g. (9)
Verkiai;Ožkinių Sodų 13-oji g. (10)
Verkiai;Ožkinių Sodų 14-oji g. (13)
Verkiai;Ožkinių Sodų 2-oji g. (25)
Verkiai;Ožkinių Sodų 3-ioji g. (10)
Verkiai;Ožkinių Sodų 4-oji g. (12)
Verkiai;Ožkinių Sodų 5-oji g. (22)
Verkiai;Ožkinių Sodų 6-oji g. (9)
Verkiai;Ožkinių Sodų 7-oji g. (14)
Verkiai;Padvarės g. (82)
Verkiai;Pagubės g. (59)
Verkiai;Pagubės Sodų 1-oji g. (38)
Verkiai;Pagubės Sodų 10-oji g. (127)
Verkiai;Pagubės Sodų 11-oji g. (33)
Verkiai;Pagubės Sodų 12-oji g. (23)
Verkiai;Pagubės Sodų 13-oji g. (23)
Verkiai;Pagubės Sodų 14-oji g. (19)
Verkiai;Pagubės Sodų 15-oji g. (24)
Verkiai;Pagubės Sodų 16-oji g. (46)
Verkiai;Pagubės Sodų 17-oji g. (22)
Verkiai;Pagubės Sodų 19-oji g. (79)
Verkiai;Pagubės Sodų 2-oji g. (38)
Verkiai;Pagubės Sodų 20-oji g. (34)
Verkiai;Pagubės Sodų 21-oji g. (21)
Verkiai;Pagubės Sodų 22-oji g. (31)
Verkiai;Pagubės Sodų 23-ioji g. (31)
Verkiai;Pagubės Sodų 24-oji g. (28)
Verkiai;Pagubės Sodų 25-oji g. (51)
Verkiai;Pagubės Sodų 26-oji g. (24)
Verkiai;Pagubės Sodų 27-oji g. (20)
Verkiai;Pagubės Sodų 28-oji g. (36)
Verkiai;Pagubės Sodų 29-oji g. (18)
Verkiai;Pagubės Sodų 3-ioji g. (38)
Verkiai;Pagubės Sodų 30-oji g. (15)
Verkiai;Pagubės Sodų 31-oji g. (14)
Verkiai;Pagubės Sodų 32-oji g. (26)
Verkiai;Pagubės Sodų 4-oji g. (38)
Verkiai;Pagubės Sodų 5-oji g. (38)
Verkiai;Pagubės Sodų 6-oji g. (35)
Verkiai;Pagubės Sodų 7-oji g. (28)
Verkiai;Pagubės Sodų 8-oji g. (15)
Verkiai;Pagubės Sodų 9-oji g. (8)
Verkiai;Panemunės g.
Verkiai;Pasaulio Teisuolių skv.
Verkiai;Pašilių g. (32)
Verkiai;Pašvaistės g. (5)
Verkiai;Peluonės g.
Verkiai;Petro Baublio g. (45)
Verkiai;Pievų g. (14)
Verkiai;Pijų g. (50)
Verkiai;Pilėnų g.
Verkiai;Pilnaties g. (39)
Verkiai;Popieriaus g. (73)
Verkiai;Povilo Alšėniškio g. (22)
Verkiai;Pranciškaus Smuglevičiaus g. (46)
Verkiai;Prano Vaičaičio g. (6 iš 19*)
Verkiai;Prašiškių g. (14)
Verkiai;Pukuvero g. (9)
Verkiai;Pušyno kelias (36)
Verkiai;Ragės g. (30)
Verkiai;Ragučio g. (2)
Verkiai;Raudonės g. (123)
Verkiai;Riešės g. (28)
Verkiai;Romuvos g. (44)
Verkiai;Rugių g. (37)
Verkiai;Sakališkių g. (129)
Verkiai;Santariškių g. (115)
Verkiai;Santaros g.
Verkiai;Senolių g. (8)
Verkiai;Sidabrės g. (9)
Verkiai;Sietuvos g. (37)
Verkiai;Silvestro Gimžausko g. (32)
Verkiai;Skalvos g. (10)
Verkiai;Skersinės g. (39)
Verkiai;Skersinės Sodų 1-oji g. (29)
Verkiai;Skersinės Sodų 2-oji g. (52)
Verkiai;Skersinės Sodų 3-ioji g. (44)
Verkiai;Skersinės Sodų 4-oji g. (36)
Verkiai;Skersinės Sodų 5-oji g. (37)
Verkiai;Skersinės Sodų 6-oji g. (85)
Verkiai;Skersinės Sodų 7-oji g. (24)
Verkiai;Skersinės Sodų 8-oji g. (25)
Verkiai;Skersinės Sodų 9-oji g. (26)
Verkiai;Spindulio g. (14)
Verkiai;Stalioriškių g.
Verkiai;Stoniškių g.
Verkiai;Sūduvos g. (18)
Verkiai;Šaulio g. (9)
Verkiai;Šiukštulių g. (1)
Verkiai;Švarno g.
Verkiai;Trinapolio g. (33)
Verkiai;Ugnies g. (8)
Verkiai;Užpalių g. (52)
Verkiai;V. Kuzmos g. (24)
Verkiai;V. Mačernio g. (57)
Verkiai;Vaidevučio g. (18)
Verkiai;Vaidoto Daunio g. (35)
Verkiai;Vaišelgos g. (60)
Verkiai;Valerijono Protasevičiaus g. (50)
Verkiai;Vanaginės Sodų 1-oji g. (3)
Verkiai;Vanaginės Sodų 2-oji g. (67)
Verkiai;Vanaginės Sodų 3-ioji g. (89)
Verkiai;Vanaginės Sodų 4-oji g. (31)
Verkiai;Vanaginės Sodų 5-oji g. (41)
Verkiai;Vandenio g. (2 iš 34*)
Verkiai;Verkių g. (94 iš 139*)
Verkiai;Verkių Riešės g. (46)
Verkiai;Verkių Sodų 1-oji g. (11)
Verkiai;Verkių Sodų 2-oji g. (22)
Verkiai;Verkių Sodų 3-ioji g. (22)
Verkiai;Verkių Sodų 4-oji g. (34)
Verkiai;Verkių Sodų 5-oji g. (73)
Verkiai;Vilkynės g. (64)
Verkiai;Vindaubos g. (76)
Verkiai;Visalaukio g. (67)
Verkiai;Vyskupo Andriaus g.
Verkiai;Visorių g. (52 iš 67*)
Verkiai;Visorių Sodų g. (43)
Verkiai;Visorių Sodų 1-oji g. (29)
Verkiai;Visorių Sodų 10-oji g. (21)
Verkiai;Visorių Sodų 11-oji g. (12)
Verkiai;Visorių Sodų 12-oji g. (16)
Verkiai;Visorių Sodų 13-oji g. (14)
Verkiai;Visorių Sodų 14-oji g. (16)
Verkiai;Visorių Sodų 15-oji g. (16)
Verkiai;Visorių Sodų 18-oji g. (25)
Verkiai;Visorių Sodų 19-oji g. (29)
Verkiai;Visorių Sodų 2-oji g. (22)
Verkiai;Visorių Sodų 20-oji g. (7)
Verkiai;Visorių Sodų 21-oji g. (15)
Verkiai;Visorių Sodų 22-oji g. (16)
Verkiai;Visorių Sodų 23-ioji g. (18)
Verkiai;Visorių Sodų 3-ioji g. (13)
Verkiai;Visorių Sodų 4-oji g. (8)
Verkiai;Visorių Sodų 5-oji g. (10)
Verkiai;Visorių Sodų 6-oji g. (15)
Verkiai;Visorių Sodų 7-oji g. (7)
Verkiai;Visorių Sodų 8-oji g. (13)
Verkiai;Visorių Sodų 9-oji g. (11)
Verkiai;Vito Gerulaičio g. (2)
Verkiai;Vlado Drėmos g. (8)
Verkiai;Zebedeno g. (5)
Verkiai;Žalčių g. (51)
Verkiai;Žaliųjų Ežerų g. (119)
Verkiai;Želmenų g. (61)
Verkiai;Žemėpačio g. (16)
Verkiai;Žemuogių g. (12)
Verkiai;Žilvino g. (89)
Verkiai;Žynių g. (10)
Verkiai;Živinbudo g. (11)
Verkiai;Žvalgų g. (2 iš 4*)
Verkiai;Žvelgaičio g. (33)
Vilkpėdė;Eglių g. (6)
Vilkpėdė;Eigulių g. (17)
Vilkpėdė;Elektrinės g. (12)
Vilkpėdė;Geležinio Vilko g. (26 iš 47*)
Vilkpėdė;Gerosios Vilties g. (52)
Vilkpėdė;Giedrioji g.
Vilkpėdė;Giraitės g. (3)
Vilkpėdė;Jankiškių g. (28)
Vilkpėdė;Klevų g. (2)
Vilkpėdė;Laisvės pr. (1 iš 124*)
Vilkpėdė;Liepsnos g. (3)
Vilkpėdė;M. K. Čiurlionio g. (11 iš 81*)
Vilkpėdė;Naugarduko g. (7 iš 89*)
Vilkpėdė;Naujoji Riovonių g. (21)
Vilkpėdė;Pakalniškių g. (4)
Vilkpėdė;Panerių g. (3 iš 52*)
Vilkpėdė;Račių g. (10)
Vilkpėdė;Riovonių g. (157)
Vilkpėdė;S. Konarskio g. (16 iš 56*)
Vilkpėdė;Sausupio g. (5)
Vilkpėdė;Savanorių pr. (198 iš 250*)
Vilkpėdė;Skaistvario g. (2)
Vilkpėdė;Skapiškio g.
Vilkpėdė;Skroblų g. (25)
Vilkpėdė;Šaltupio g. (4)
Vilkpėdė;Šlaito g. (20)
Vilkpėdė;Titnago g. (12 iš 39*)
Vilkpėdė;Tūkstantmečio g.
Vilkpėdė;Ūmėdžių g. (77)
Vilkpėdė;V. Pietario g. (5 iš 8*)
Vilkpėdė;Vaduvos g. (76 iš 85*)
Vilkpėdė;Valkininkų g. (9)
Vilkpėdė;Vandentiekio g. (33)
Vilkpėdė;Vilkpėdės g. (31)
Vilkpėdė;Zietelos g. (4)
Vilkpėdė;Žemaitės g. (17 iš 23*)
Viršuliškės;A. Sacharovo a.
Viršuliškės;Ąžuolyno g. (4 iš 13*)
Viršuliškės;Č. Sugiharos g. (7)
Viršuliškės;Juozo Rutkausko g. (3)
Viršuliškės;Jurgio Matulaičio a. (6)
Viršuliškės;Justiniškių g. (41 iš 124*)
Viršuliškės;Laisvės pr. (16 iš 124*)
Viršuliškės;Pilaitės pr. (1 iš 15*)
Viršuliškės;Rygos g. (7 iš 53*)
Viršuliškės;Spaudos g.
Viršuliškės;Sudervės kelias (2 iš 7*)
Viršuliškės;Šešuolių g. (9)
Viršuliškės;Tujų g. (18)
Viršuliškės;Viršilų g. (5)
Viršuliškės;Viršuliškių g. (96)
Viršuliškės;Viršuliškių skg. (23)
Viršuliškės;Vito Lingio g.
Žirmūnai;Apkasų g. (26)
Žirmūnai;Bronislovo Laurinavičiaus skv.
Žirmūnai;J. Galvydžio g. (6)
Žirmūnai;J. Kubiliaus g. (14)
Žirmūnai;J. Treinio g. (3)
Žirmūnai;Kalvarijų g. (32 iš 349*)
Žirmūnai;Kareivių g. (33)
Žirmūnai;Kazimiero Ladygos g. (3)
Žirmūnai;Kazliškių g. (12)
Žirmūnai;Lakūnų g. (19)
Žirmūnai;M. Katkaus g. (21)
Žirmūnai;Minties g. (53)
Žirmūnai;Neries g. (1)
Žirmūnai;Olimpiečių g. (12)
Žirmūnai;P. Lukšio g. (18)
Žirmūnai;Pulko g. (3)
Žirmūnai;Raitininkų g. (14)
Žirmūnai;Rinktinės g. (31 iš 61*)
Žirmūnai;Riterių g.
Žirmūnai;S. Žukausko g. (27)
Žirmūnai;Sporto g. (17)
Žirmūnai;Šeimyniškių g. (18 iš 47*)
Žirmūnai;Trimitų g. (1 iš 9*)
Žirmūnai;Tuskulėnų g. (82)
Žirmūnai;Ulonų g. (4)
Žirmūnai;V. Nagevičiaus g. (4)
Žirmūnai;Verkių g. (45 iš 139*)
Žirmūnai;Žalgirio g. (6 iš 36*)
Žirmūnai;Žygio g. (53)
Žirmūnai;Žirmūnų g. (229)
Žirmūnai;Žvalgų g. (2 iš 4*)
Žvėrynas;A. Mickevičiaus g. (37)
Žvėrynas;Bebrų g. (22)
Žvėrynas;Birutės g. (58)
Žvėrynas;Blindžių g. (37)
Žvėrynas;D. Poškos g. (63)
Žvėrynas;Danielių g. (6)
Žvėrynas;Džocharo Dudajevo skv.
Žvėrynas;Elnių g. (9)
Žvėrynas;Erelių g. (2)
Žvėrynas;Geležinio Vilko g. (1 iš 47*)
Žvėrynas;Gervių g. (10)
Žvėrynas;Gulbių g. (15)
Žvėrynas;J. I. Kraševskio g. (10)
Žvėrynas;Karaimų g. (4)
Žvėrynas;Kęstučio g. (61)
Žvėrynas;Lapių g. (6)
Žvėrynas;Latgalių g. (11)
Žvėrynas;Latvių g. (70)
Žvėrynas;Lenktoji g. (63)
Žvėrynas;Liepyno g. (20)
Žvėrynas;Liubarto g. (30)
Žvėrynas;Lokių g. (13)
Žvėrynas;Lūšių g. (12)
Žvėrynas;Malonioji g. (22)
Žvėrynas;Miglos g. (50)
Žvėrynas;Paribio g. (47 iš 55*)
Žvėrynas;Pieninės g. (1)
Žvėrynas;Pušų g. (52)
Žvėrynas;S. Moniuškos g. (56)
Žvėrynas;Sakalų g. (18)
Žvėrynas;Saltoniškių g. (24)
Žvėrynas;Sėlių g. (49)
Žvėrynas;Stirnų g. (18)
Žvėrynas;Studentų g. (6)
Žvėrynas;Stumbrų g. (15)
Žvėrynas;T. Narbuto g. (1)
Žvėrynas;Tbilisio skv.
Žvėrynas;Traidenio g. (45)
Žvėrynas;Treniotos g. (51)
Žvėrynas;Ukmergės g. (5 iš 146*)
Žvėrynas;Upės g. (1 iš 6*)
Žvėrynas;Vykinto g. (31)
Žvėrynas;Vytauto g. (60)
Žvėrynas;Žalioji g. (16)
Žvėrynas;Žiemgalių g. (15)
Grigiškės;Afindevičių g. (8)
Grigiškės;Antano Smolskaus g.
Grigiškės;Atgajos g. (19)
Grigiškės;Aušros g. (4)
Grigiškės;Erškėčių g. (7)
Grigiškės;Geldučių g. (10)
Grigiškės;Jaunimo skg. (7)
Grigiškės;Kadriškių g. (6)
Grigiškės;Kauno Vokės g. (48)
Grigiškės;Kovo 11-osios g. (76)
Grigiškės;Kranto g. (67)
Grigiškės;Kunigiškių g. (26 iš 92*)
Grigiškės;Liepų g. (18)
Grigiškės;Mažasis skg. (5)
Grigiškės;Nepriklausomybės g. (18)
Grigiškės;Neravų g. (15)
Grigiškės;Projektavimo g. (33)
Grigiškės;Salų g. (9)
Grigiškės;Santakos g. (63)
Grigiškės;Sklandytojų g. (13)
Grigiškės;Slankų g. (19)
Grigiškės;Sniegenų g. (31)
Grigiškės;Spyglių g. (4)
Grigiškės;Suopių g. (9)
Grigiškės;Šaltinio g. (5)
Grigiškės;Tilvikų g. (5)
Grigiškės;Upokšnio g. (8)
Grigiškės;Vijoklių g. (3)
Grigiškės;Vokės Sodų g. (37)
Grigiškės;Vokės Sodų 1-oji g. (79)
Grigiškės;Vokės Sodų 2-oji g. (7)
Grigiškės;Vokės Sodų 3-ioji g. (15)
Grigiškės;Vokės Sodų 4-oji g. (18)
Grigiškės;Vokės Sodų 5-oji g. (21)
Grigiškės;Vokės Sodų 6-oji g. (22)
Grigiškės;Vokės Sodų 7-oji g. (11)
Grigiškės;Vokės Sodų 8-oji g. (12)
Grigiškės;Zylių g. (19)
Grigiškės;Žalvarnių g. (25)